2026-01-18T21:29:21.024Z [INFO]: Conectado ao MongoDB com sucesso
2026-01-18T21:29:21.029Z [INFO]: Evento interactionCreate carregado com sucesso
2026-01-18T21:29:21.029Z [INFO]: Evento ready carregado com sucesso
2026-01-18T21:29:21.032Z [INFO]: Comando /ajuda carregado com sucesso
2026-01-18T21:29:21.039Z [INFO]: Comando /atualizar carregado com sucesso
2026-01-18T21:29:21.041Z [INFO]: Comando /changelog carregado com sucesso
2026-01-18T21:29:21.042Z [INFO]: Comando /deletarall carregado com sucesso
2026-01-18T21:29:21.043Z [INFO]: Comando /download carregado com sucesso
2026-01-18T21:29:21.045Z [INFO]: Comando /gerar carregado com sucesso
2026-01-18T21:29:21.063Z [INFO]: Comando /info carregado com sucesso
2026-01-18T21:29:21.064Z [INFO]: Comando /listar-ativos carregado com sucesso
2026-01-18T21:29:21.065Z [INFO]: Comando /ping carregado com sucesso
2026-01-18T21:29:21.066Z [INFO]: Comando /produtos carregado com sucesso
2026-01-18T21:29:21.067Z [INFO]: Comando /remover-id carregado com sucesso
2026-01-18T21:29:21.067Z [INFO]: Comando /reset-hwid carregado com sucesso
2026-01-18T21:29:21.068Z [INFO]: Comando /tempo carregado com sucesso
2026-01-18T21:29:21.094Z [INFO]: API rodando na porta 3000
2026-01-18T21:29:22.422Z [ERROR]: Erro ao conectar ao MongoDB: querySrv ENOTFOUND _mongodb._tcp.cluster0.evceu.mongodb.net
2026-01-18T21:29:32.085Z [INFO]: Conectado ao MongoDB com sucesso
2026-01-18T21:29:32.089Z [INFO]: Evento interactionCreate carregado com sucesso
2026-01-18T21:29:32.090Z [INFO]: Evento ready carregado com sucesso
2026-01-18T21:29:32.093Z [INFO]: Comando /ajuda carregado com sucesso
2026-01-18T21:29:32.100Z [INFO]: Comando /atualizar carregado com sucesso
2026-01-18T21:29:32.101Z [INFO]: Comando /changelog carregado com sucesso
2026-01-18T21:29:32.103Z [INFO]: Comando /deletarall carregado com sucesso
2026-01-18T21:29:32.104Z [INFO]: Comando /download carregado com sucesso
2026-01-18T21:29:32.105Z [INFO]: Comando /gerar carregado com sucesso
2026-01-18T21:29:32.115Z [INFO]: Comando /info carregado com sucesso
2026-01-18T21:29:32.116Z [INFO]: Comando /listar-ativos carregado com sucesso
2026-01-18T21:29:32.117Z [INFO]: Comando /ping carregado com sucesso
2026-01-18T21:29:32.118Z [INFO]: Comando /produtos carregado com sucesso
2026-01-18T21:29:32.118Z [INFO]: Comando /remover-id carregado com sucesso
2026-01-18T21:29:32.119Z [INFO]: Comando /reset-hwid carregado com sucesso
2026-01-18T21:29:32.120Z [INFO]: Comando /tempo carregado com sucesso
2026-01-18T21:29:32.146Z [INFO]: API rodando na porta 3000
2026-01-18T21:29:32.599Z [ERROR]: Erro ao conectar ao MongoDB: querySrv ENOTFOUND _mongodb._tcp.cluster0.evceu.mongodb.net
2026-01-18T21:30:01.139Z [INFO]: Conectado ao MongoDB com sucesso
2026-01-18T21:30:01.143Z [INFO]: Evento interactionCreate carregado com sucesso
2026-01-18T21:30:01.144Z [INFO]: Evento ready carregado com sucesso
2026-01-18T21:30:01.148Z [INFO]: Comando /ajuda carregado com sucesso
2026-01-18T21:30:01.155Z [INFO]: Comando /atualizar carregado com sucesso
2026-01-18T21:30:01.157Z [INFO]: Comando /changelog carregado com sucesso
2026-01-18T21:30:01.158Z [INFO]: Comando /deletarall carregado com sucesso
2026-01-18T21:30:01.159Z [INFO]: Comando /download carregado com sucesso
2026-01-18T21:30:01.161Z [INFO]: Comando /gerar carregado com sucesso
2026-01-18T21:30:01.171Z [INFO]: Comando /info carregado com sucesso
2026-01-18T21:30:01.172Z [INFO]: Comando /listar-ativos carregado com sucesso
2026-01-18T21:30:01.173Z [INFO]: Comando /ping carregado com sucesso
2026-01-18T21:30:01.173Z [INFO]: Comando /produtos carregado com sucesso
2026-01-18T21:30:01.174Z [INFO]: Comando /remover-id carregado com sucesso
2026-01-18T21:30:01.175Z [INFO]: Comando /reset-hwid carregado com sucesso
2026-01-18T21:30:01.176Z [INFO]: Comando /tempo carregado com sucesso
2026-01-18T21:30:01.200Z [INFO]: API rodando na porta 3000
2026-01-18T21:30:02.066Z [ERROR]: Erro ao conectar ao MongoDB: querySrv ENOTFOUND _mongodb._tcp.cluster0.evceu.mongodb.net
2026-01-18T21:30:21.936Z [INFO]: Conectado ao MongoDB com sucesso
2026-01-18T21:30:21.940Z [INFO]: Evento interactionCreate carregado com sucesso
2026-01-18T21:30:21.941Z [INFO]: Evento ready carregado com sucesso
2026-01-18T21:30:21.945Z [INFO]: Comando /ajuda carregado com sucesso
2026-01-18T21:30:21.952Z [INFO]: Comando /atualizar carregado com sucesso
2026-01-18T21:30:21.953Z [INFO]: Comando /changelog carregado com sucesso
2026-01-18T21:30:21.955Z [INFO]: Comando /deletarall carregado com sucesso
2026-01-18T21:30:21.956Z [INFO]: Comando /download carregado com sucesso
2026-01-18T21:30:21.957Z [INFO]: Comando /gerar carregado com sucesso
2026-01-18T21:30:21.967Z [INFO]: Comando /info carregado com sucesso
2026-01-18T21:30:21.968Z [INFO]: Comando /listar-ativos carregado com sucesso
2026-01-18T21:30:21.969Z [INFO]: Comando /ping carregado com sucesso
2026-01-18T21:30:21.970Z [INFO]: Comando /produtos carregado com sucesso
2026-01-18T21:30:21.970Z [INFO]: Comando /remover-id carregado com sucesso
2026-01-18T21:30:21.971Z [INFO]: Comando /reset-hwid carregado com sucesso
2026-01-18T21:30:21.972Z [INFO]: Comando /tempo carregado com sucesso
2026-01-18T21:30:21.996Z [INFO]: API rodando na porta 3000
2026-01-18T21:30:24.121Z [INFO]: Bot iniciado com sucesso
2026-01-18T21:30:24.125Z [INFO]: Bot conectado como Safety API#7835
2026-01-18T21:30:24.448Z [INFO]: Conectado ao MongoDB com sucesso
2026-01-18T21:30:24.449Z [INFO]: API de auth rodando na porta 3000
2026-01-18T21:31:08.778Z [INFO]: Comandos registrados com sucesso!
2026-01-18T21:31:13.796Z [INFO]: Conectado ao MongoDB com sucesso
2026-01-18T21:31:13.800Z [INFO]: Evento interactionCreate carregado com sucesso
2026-01-18T21:31:13.801Z [INFO]: Evento ready carregado com sucesso
2026-01-18T21:31:13.804Z [INFO]: Comando /ajuda carregado com sucesso
2026-01-18T21:31:13.812Z [INFO]: Comando /atualizar carregado com sucesso
2026-01-18T21:31:13.813Z [INFO]: Comando /changelog carregado com sucesso
2026-01-18T21:31:13.815Z [INFO]: Comando /deletarall carregado com sucesso
2026-01-18T21:31:13.816Z [INFO]: Comando /download carregado com sucesso
2026-01-18T21:31:13.817Z [INFO]: Comando /gerar carregado com sucesso
2026-01-18T21:31:13.827Z [INFO]: Comando /info carregado com sucesso
2026-01-18T21:31:13.828Z [INFO]: Comando /listar-ativos carregado com sucesso
2026-01-18T21:31:13.829Z [INFO]: Comando /ping carregado com sucesso
2026-01-18T21:31:13.830Z [INFO]: Comando /produtos carregado com sucesso
2026-01-18T21:31:13.830Z [INFO]: Comando /remover-id carregado com sucesso
2026-01-18T21:31:13.831Z [INFO]: Comando /reset-hwid carregado com sucesso
2026-01-18T21:31:13.832Z [INFO]: Comando /tempo carregado com sucesso
2026-01-18T21:31:13.861Z [INFO]: API rodando na porta 3000
2026-01-18T21:31:15.965Z [INFO]: Conectado ao MongoDB com sucesso
2026-01-18T21:31:15.966Z [INFO]: API de auth rodando na porta 3000
2026-01-18T21:31:16.166Z [INFO]: Bot iniciado com sucesso
2026-01-18T21:31:16.176Z [INFO]: Bot conectado como Safety API#7835
2026-01-18T22:11:10.094Z [INFO]: Conectado ao MongoDB com sucesso
2026-01-18T22:11:10.100Z [INFO]: Evento interactionCreate carregado com sucesso
2026-01-18T22:11:10.101Z [INFO]: Evento ready carregado com sucesso
2026-01-18T22:11:10.103Z [INFO]: Comando /ajuda carregado com sucesso
2026-01-18T22:11:10.106Z [INFO]: Comando /atualizar carregado com sucesso
2026-01-18T22:11:10.108Z [INFO]: Comando /changelog carregado com sucesso
2026-01-18T22:11:10.110Z [INFO]: Comando /deletarall carregado com sucesso
2026-01-18T22:11:10.110Z [INFO]: Comando /download carregado com sucesso
2026-01-18T22:11:10.112Z [INFO]: Comando /gerar carregado com sucesso
2026-01-18T22:11:10.113Z [INFO]: Comando /info carregado com sucesso
2026-01-18T22:11:10.114Z [INFO]: Comando /listar-ativos carregado com sucesso
2026-01-18T22:11:10.124Z [INFO]: Comando /ping carregado com sucesso
2026-01-18T22:11:10.125Z [INFO]: Comando /produtos carregado com sucesso
2026-01-18T22:11:10.126Z [INFO]: Comando /remover-id carregado com sucesso
2026-01-18T22:11:10.127Z [INFO]: Comando /reset-hwid carregado com sucesso
2026-01-18T22:11:10.128Z [INFO]: Comando /tempo carregado com sucesso
2026-01-18T22:11:10.136Z [INFO]: API rodando na porta 3001
2026-01-18T22:11:11.535Z [INFO]: Bot iniciado com sucesso
2026-01-18T22:11:11.539Z [INFO]: Bot conectado como Safety API#7835
2026-01-18T22:11:42.193Z [INFO]: Comando /produtos executado por 85hz
2026-01-18T22:12:33.781Z [INFO]: Geradas 1 chaves para produto nash por 85hz
2026-01-18T22:12:33.781Z [INFO]: Comando /gerar executado por 85hz
2026-01-18T22:12:43.707Z [INFO]: Comando /produtos executado por 85hz
2026-01-18T22:13:06.517Z [INFO]: Info da chave NASH-RKYD5J-3530D6-LAS exibida por 85hz
2026-01-18T22:13:06.517Z [INFO]: Comando /info executado por 85hz
2026-01-18T23:19:05.731Z [WARN]: Recebido SIGINT. Encerrando...
2026-01-19T11:12:01.179Z [INFO]: Conectado ao MongoDB com sucesso
2026-01-19T11:12:01.184Z [INFO]: Evento interactionCreate carregado com sucesso
2026-01-19T11:12:01.185Z [INFO]: Evento ready carregado com sucesso
2026-01-19T11:12:01.187Z [INFO]: Comando /ajuda carregado com sucesso
2026-01-19T11:12:01.192Z [INFO]: Comando /atualizar carregado com sucesso
2026-01-19T11:12:01.193Z [INFO]: Comando /changelog carregado com sucesso
2026-01-19T11:12:01.195Z [INFO]: Comando /deletarall carregado com sucesso
2026-01-19T11:12:01.196Z [INFO]: Comando /download carregado com sucesso
2026-01-19T11:12:01.199Z [INFO]: Comando /gerar carregado com sucesso
2026-01-19T11:12:01.200Z [INFO]: Comando /info carregado com sucesso
2026-01-19T11:12:01.201Z [INFO]: Comando /listar-ativos carregado com sucesso
2026-01-19T11:12:01.223Z [INFO]: Comando /ping carregado com sucesso
2026-01-19T11:12:01.224Z [INFO]: Comando /produtos carregado com sucesso
2026-01-19T11:12:01.225Z [INFO]: Comando /remover-id carregado com sucesso
2026-01-19T11:12:01.226Z [INFO]: Comando /reset-hwid carregado com sucesso
2026-01-19T11:12:01.226Z [INFO]: Comando /tempo carregado com sucesso
2026-01-19T11:12:01.237Z [INFO]: API rodando na porta 3001
2026-01-19T11:12:03.757Z [INFO]: Bot iniciado com sucesso
2026-01-19T11:12:03.768Z [INFO]: Bot conectado como Safety API#7835
2026-01-19T11:12:18.970Z [INFO]: Comando /gerar executado por 85hz
2026-01-19T11:12:44.255Z [WARN]: Recebido SIGINT. Encerrando...
2026-01-19T11:12:48.850Z [INFO]: Conectado ao MongoDB com sucesso
2026-01-19T11:12:48.855Z [INFO]: Evento interactionCreate carregado com sucesso
2026-01-19T11:12:48.855Z [INFO]: Evento ready carregado com sucesso
2026-01-19T11:12:48.857Z [INFO]: Comando /ajuda carregado com sucesso
2026-01-19T11:12:48.862Z [INFO]: Comando /atualizar carregado com sucesso
2026-01-19T11:12:48.864Z [INFO]: Comando /changelog carregado com sucesso
2026-01-19T11:12:48.865Z [INFO]: Comando /deletarall carregado com sucesso
2026-01-19T11:12:48.866Z [INFO]: Comando /download carregado com sucesso
2026-01-19T11:12:48.869Z [INFO]: Comando /gerar carregado com sucesso
2026-01-19T11:12:48.870Z [INFO]: Comando /info carregado com sucesso
2026-01-19T11:12:48.870Z [INFO]: Comando /listar-ativos carregado com sucesso
2026-01-19T11:12:48.880Z [INFO]: Comando /ping carregado com sucesso
2026-01-19T11:12:48.881Z [INFO]: Comando /produtos carregado com sucesso
2026-01-19T11:12:48.882Z [INFO]: Comando /remover-id carregado com sucesso
2026-01-19T11:12:48.882Z [INFO]: Comando /reset-hwid carregado com sucesso
2026-01-19T11:12:48.883Z [INFO]: Comando /tempo carregado com sucesso
2026-01-19T11:12:48.891Z [INFO]: API rodando na porta 3001
2026-01-19T11:12:50.268Z [INFO]: Bot iniciado com sucesso
2026-01-19T11:12:50.270Z [INFO]: Bot conectado como Safety API#7835
2026-01-19T11:12:59.715Z [INFO]: Comando /gerar executado por 85hz
2026-01-19T11:13:42.227Z [WARN]: Recebido SIGINT. Encerrando...
2026-01-19T11:13:44.748Z [INFO]: Conectado ao MongoDB com sucesso
2026-01-19T11:13:44.761Z [INFO]: Evento interactionCreate carregado com sucesso
2026-01-19T11:13:44.763Z [INFO]: Evento ready carregado com sucesso
2026-01-19T11:13:44.766Z [INFO]: Comando /ajuda carregado com sucesso
2026-01-19T11:13:44.770Z [INFO]: Comando /atualizar carregado com sucesso
2026-01-19T11:13:44.772Z [INFO]: Comando /changelog carregado com sucesso
2026-01-19T11:13:44.773Z [INFO]: Comando /deletarall carregado com sucesso
2026-01-19T11:13:44.774Z [INFO]: Comando /download carregado com sucesso
2026-01-19T11:13:44.776Z [INFO]: Comando /gerar carregado com sucesso
2026-01-19T11:13:44.778Z [INFO]: Comando /info carregado com sucesso
2026-01-19T11:13:44.779Z [INFO]: Comando /listar-ativos carregado com sucesso
2026-01-19T11:13:44.787Z [INFO]: Comando /ping carregado com sucesso
2026-01-19T11:13:44.788Z [INFO]: Comando /produtos carregado com sucesso
2026-01-19T11:13:44.789Z [INFO]: Comando /remover-id carregado com sucesso
2026-01-19T11:13:44.790Z [INFO]: Comando /reset-hwid carregado com sucesso
2026-01-19T11:13:44.791Z [INFO]: Comando /tempo carregado com sucesso
2026-01-19T11:13:44.799Z [INFO]: API rodando na porta 3001
2026-01-19T11:13:46.049Z [INFO]: Bot iniciado com sucesso
2026-01-19T11:13:46.053Z [INFO]: Bot conectado como Safety API#7835
2026-01-19T11:13:54.841Z [INFO]: Comando /gerar executado por 85hz
2026-01-19T11:14:01.132Z [WARN]: Recebido SIGINT. Encerrando...
2026-01-19T11:14:03.719Z [INFO]: Conectado ao MongoDB com sucesso
2026-01-19T11:14:03.731Z [INFO]: Evento interactionCreate carregado com sucesso
2026-01-19T11:14:03.733Z [INFO]: Evento ready carregado com sucesso
2026-01-19T11:14:03.736Z [INFO]: Comando /ajuda carregado com sucesso
2026-01-19T11:14:03.741Z [INFO]: Comando /atualizar carregado com sucesso
2026-01-19T11:14:03.743Z [INFO]: Comando /changelog carregado com sucesso
2026-01-19T11:14:03.745Z [INFO]: Comando /deletarall carregado com sucesso
2026-01-19T11:14:03.746Z [INFO]: Comando /download carregado com sucesso
2026-01-19T11:14:03.748Z [INFO]: Comando /gerar carregado com sucesso
2026-01-19T11:14:03.749Z [INFO]: Comando /info carregado com sucesso
2026-01-19T11:14:03.750Z [INFO]: Comando /listar-ativos carregado com sucesso
2026-01-19T11:14:03.759Z [INFO]: Comando /ping carregado com sucesso
2026-01-19T11:14:03.760Z [INFO]: Comando /produtos carregado com sucesso
2026-01-19T11:14:03.761Z [INFO]: Comando /remover-id carregado com sucesso
2026-01-19T11:14:03.761Z [INFO]: Comando /reset-hwid carregado com sucesso
2026-01-19T11:14:03.762Z [INFO]: Comando /tempo carregado com sucesso
2026-01-19T11:14:03.770Z [INFO]: API rodando na porta 3001
2026-01-19T11:14:05.558Z [INFO]: Bot iniciado com sucesso
2026-01-19T11:14:05.567Z [INFO]: Bot conectado como Safety API#7835
2026-01-19T11:14:10.982Z [INFO]: Comando /gerar executado por 85hz
2026-01-19T11:34:46.744Z [WARN]: Recebido SIGINT. Encerrando...
2026-01-19T11:34:52.120Z [INFO]: Conectado ao MongoDB com sucesso
2026-01-19T11:34:52.127Z [INFO]: Evento interactionCreate carregado com sucesso
2026-01-19T11:34:52.128Z [INFO]: Evento ready carregado com sucesso
2026-01-19T11:34:52.131Z [INFO]: Comando /ajuda carregado com sucesso
2026-01-19T11:34:52.133Z [INFO]: Comando /atualizar carregado com sucesso
2026-01-19T11:34:52.135Z [INFO]: Comando /changelog carregado com sucesso
2026-01-19T11:34:52.136Z [INFO]: Comando /deletarall carregado com sucesso
2026-01-19T11:34:52.137Z [INFO]: Comando /download carregado com sucesso
2026-01-19T11:34:52.140Z [INFO]: Comando /gerar carregado com sucesso
2026-01-19T11:34:52.141Z [INFO]: Comando /info carregado com sucesso
2026-01-19T11:34:52.142Z [INFO]: Comando /listar-ativos carregado com sucesso
2026-01-19T11:34:52.151Z [INFO]: Comando /ping carregado com sucesso
2026-01-19T11:34:52.152Z [INFO]: Comando /produtos carregado com sucesso
2026-01-19T11:34:52.153Z [INFO]: Comando /remover-id carregado com sucesso
2026-01-19T11:34:52.154Z [INFO]: Comando /reset-hwid carregado com sucesso
2026-01-19T11:34:52.155Z [INFO]: Comando /tempo carregado com sucesso
2026-01-19T11:34:52.163Z [INFO]: API rodando na porta 3001
2026-01-19T11:34:54.188Z [INFO]: Bot iniciado com sucesso
2026-01-19T11:34:54.213Z [INFO]: Bot conectado como Safety API#7835
2026-01-19T11:35:08.640Z [INFO]: Comando /gerar executado por 85hz
2026-01-19T11:37:51.341Z [ERROR]: [EXPRESS_ERROR] Cannot set property query of #<IncomingMessage> which has only a getter | reqId=c4b3a19c-ad33-4049-9a15-58c9d1b77407 ip=::1 status=500
2026-01-19T11:37:51.388Z [ERROR]: [EXPRESS_ERROR] Cannot set property query of #<IncomingMessage> which has only a getter | reqId=59fb23d0-83f7-46fe-92df-d2a510a2d653 ip=::1 status=500
2026-01-19T11:38:42.795Z [ERROR]: [EXPRESS_ERROR] Cannot set property query of #<IncomingMessage> which has only a getter | reqId=b338fba9-3183-43d5-87ce-ea74128939c9 ip=::1 status=500
2026-01-19T11:38:42.815Z [ERROR]: [EXPRESS_ERROR] Cannot set property query of #<IncomingMessage> which has only a getter | reqId=6537ef42-e578-40ed-b416-78197a3c7e11 ip=::1 status=500
2026-01-19T11:38:50.980Z [ERROR]: [EXPRESS_ERROR] Cannot set property query of #<IncomingMessage> which has only a getter | reqId=f65d9a3a-c58c-4969-9fe4-cf5d1979f0ca ip=::1 status=500
2026-01-19T11:38:50.992Z [ERROR]: [EXPRESS_ERROR] Cannot set property query of #<IncomingMessage> which has only a getter | reqId=76a1e88d-9190-4901-966f-89f13193f9ed ip=::1 status=500
2026-01-19T11:38:53.387Z [ERROR]: [EXPRESS_ERROR] Cannot set property query of #<IncomingMessage> which has only a getter | reqId=192ada34-abd2-4bfb-9a72-5974b7e3d883 ip=::1 status=500
2026-01-19T11:38:53.407Z [ERROR]: [EXPRESS_ERROR] Cannot set property query of #<IncomingMessage> which has only a getter | reqId=094a255c-07cf-4bb6-8330-3977efe9e67d ip=::1 status=500
2026-01-19T11:53:50.449Z [WARN]: Recebido SIGINT. Encerrando...
2026-01-19T11:53:53.382Z [INFO]: Conectado ao MongoDB com sucesso
2026-01-19T11:53:53.389Z [INFO]: Evento interactionCreate carregado com sucesso
2026-01-19T11:53:53.390Z [INFO]: Evento ready carregado com sucesso
2026-01-19T11:53:53.392Z [INFO]: Comando /ajuda carregado com sucesso
2026-01-19T11:53:53.394Z [INFO]: Comando /atualizar carregado com sucesso
2026-01-19T11:53:53.396Z [INFO]: Comando /changelog carregado com sucesso
2026-01-19T11:53:53.397Z [INFO]: Comando /deletarall carregado com sucesso
2026-01-19T11:53:53.398Z [INFO]: Comando /download carregado com sucesso
2026-01-19T11:53:53.401Z [INFO]: Comando /gerar carregado com sucesso
2026-01-19T11:53:53.402Z [INFO]: Comando /info carregado com sucesso
2026-01-19T11:53:53.403Z [INFO]: Comando /listar-ativos carregado com sucesso
2026-01-19T11:53:53.413Z [INFO]: Comando /ping carregado com sucesso
2026-01-19T11:53:53.414Z [INFO]: Comando /produtos carregado com sucesso
2026-01-19T11:53:53.415Z [INFO]: Comando /remover-id carregado com sucesso
2026-01-19T11:53:53.415Z [INFO]: Comando /reset-hwid carregado com sucesso
2026-01-19T11:53:53.416Z [INFO]: Comando /tempo carregado com sucesso
2026-01-19T11:53:53.424Z [INFO]: API rodando na porta 3001
2026-01-19T11:53:54.700Z [INFO]: Bot iniciado com sucesso
2026-01-19T11:53:54.817Z [INFO]: Bot conectado como Safety API#7835
2026-01-19T11:53:54.817Z [INFO]: Guilds: 2 | WS Ping: -1ms
2026-01-19T11:54:19.535Z [WARN]: Recebido SIGINT. Encerrando...
2026-01-19T11:54:22.098Z [INFO]: Conectado ao MongoDB com sucesso
2026-01-19T11:54:22.105Z [INFO]: Evento interactionCreate carregado com sucesso
2026-01-19T11:54:22.106Z [INFO]: Evento ready carregado com sucesso
2026-01-19T11:54:22.108Z [INFO]: Comando /ajuda carregado com sucesso
2026-01-19T11:54:22.110Z [INFO]: Comando /atualizar carregado com sucesso
2026-01-19T11:54:22.112Z [INFO]: Comando /changelog carregado com sucesso
2026-01-19T11:54:22.113Z [INFO]: Comando /deletarall carregado com sucesso
2026-01-19T11:54:22.114Z [INFO]: Comando /download carregado com sucesso
2026-01-19T11:54:22.116Z [INFO]: Comando /gerar carregado com sucesso
2026-01-19T11:54:22.117Z [INFO]: Comando /info carregado com sucesso
2026-01-19T11:54:22.118Z [INFO]: Comando /listar-ativos carregado com sucesso
2026-01-19T11:54:22.128Z [INFO]: Comando /ping carregado com sucesso
2026-01-19T11:54:22.128Z [INFO]: Comando /produtos carregado com sucesso
2026-01-19T11:54:22.129Z [INFO]: Comando /remover-id carregado com sucesso
2026-01-19T11:54:22.130Z [INFO]: Comando /reset-hwid carregado com sucesso
2026-01-19T11:54:22.131Z [INFO]: Comando /tempo carregado com sucesso
2026-01-19T11:54:22.139Z [INFO]: API rodando na porta 3001
2026-01-19T11:54:24.131Z [INFO]: Bot iniciado com sucesso
2026-01-19T11:54:24.143Z [INFO]: Bot conectado como Safety API#7835
2026-01-19T11:54:24.143Z [INFO]: Guilds: 2 | WS Ping: -1ms
2026-01-19T11:58:39.987Z [WARN]: Recebido SIGINT. Encerrando...
2026-01-19T11:58:42.401Z [INFO]: Conectado ao MongoDB com sucesso
2026-01-19T11:58:42.407Z [INFO]: Evento interactionCreate carregado com sucesso
2026-01-19T11:58:42.409Z [INFO]: Evento ready carregado com sucesso
2026-01-19T11:58:42.411Z [INFO]: Comando /ajuda carregado com sucesso
2026-01-19T11:58:42.413Z [INFO]: Comando /atualizar carregado com sucesso
2026-01-19T11:58:42.415Z [INFO]: Comando /changelog carregado com sucesso
2026-01-19T11:58:42.416Z [INFO]: Comando /deletarall carregado com sucesso
2026-01-19T11:58:42.417Z [INFO]: Comando /download carregado com sucesso
2026-01-19T11:58:42.419Z [INFO]: Comando /gerar carregado com sucesso
2026-01-19T11:58:42.421Z [INFO]: Comando /info carregado com sucesso
2026-01-19T11:58:42.422Z [INFO]: Comando /listar-ativos carregado com sucesso
2026-01-19T11:58:42.431Z [INFO]: Comando /ping carregado com sucesso
2026-01-19T11:58:42.432Z [INFO]: Comando /produtos carregado com sucesso
2026-01-19T11:58:42.433Z [INFO]: Comando /remover-id carregado com sucesso
2026-01-19T11:58:42.434Z [INFO]: Comando /reset-hwid carregado com sucesso
2026-01-19T11:58:42.435Z [INFO]: Comando /tempo carregado com sucesso
2026-01-19T11:58:42.442Z [INFO]: API rodando na porta 3001
2026-01-19T11:58:44.731Z [INFO]: Bot iniciado com sucesso
2026-01-19T11:58:44.736Z [INFO]: Bot conectado como Safety API#7835
2026-01-19T11:58:44.737Z [INFO]: Guilds: 2 | WS Ping: -1ms
2026-01-19T11:59:00.786Z [INFO]: Geradas 1 chaves para produto nash por 85hz
2026-01-19T11:59:00.786Z [INFO]: Comando /gerar executado por 85hz
2026-01-19T12:00:07.835Z [WARN]: Recebido SIGINT. Encerrando...
2026-01-19T12:00:10.711Z [INFO]: Conectado ao MongoDB com sucesso
2026-01-19T12:00:10.717Z [INFO]: Evento interactionCreate carregado com sucesso
2026-01-19T12:00:10.718Z [INFO]: Evento ready carregado com sucesso
2026-01-19T12:00:10.721Z [INFO]: Comando /ajuda carregado com sucesso
2026-01-19T12:00:10.723Z [INFO]: Comando /atualizar carregado com sucesso
2026-01-19T12:00:10.726Z [INFO]: Comando /changelog carregado com sucesso
2026-01-19T12:00:10.727Z [INFO]: Comando /deletarall carregado com sucesso
2026-01-19T12:00:10.728Z [INFO]: Comando /download carregado com sucesso
2026-01-19T12:00:10.731Z [INFO]: Comando /gerar carregado com sucesso
2026-01-19T12:00:10.732Z [INFO]: Comando /info carregado com sucesso
2026-01-19T12:00:10.733Z [INFO]: Comando /listar-ativos carregado com sucesso
2026-01-19T12:00:10.742Z [INFO]: Comando /ping carregado com sucesso
2026-01-19T12:00:10.743Z [INFO]: Comando /produtos carregado com sucesso
2026-01-19T12:00:10.744Z [INFO]: Comando /remover-id carregado com sucesso
2026-01-19T12:00:10.745Z [INFO]: Comando /reset-hwid carregado com sucesso
2026-01-19T12:00:10.746Z [INFO]: Comando /tempo carregado com sucesso
2026-01-19T12:00:10.754Z [INFO]: API rodando na porta 3001
2026-01-19T12:00:11.817Z [INFO]: Bot iniciado com sucesso
2026-01-19T12:00:11.825Z [INFO]: Bot conectado como Safety API#7835
2026-01-19T12:00:11.826Z [INFO]: Guilds: 2 | WS Ping: -1ms
2026-01-19T12:00:16.708Z [ERROR]: Erro ao gerar chaves: ReferenceError: accent is not defined
    at v2Card (D:\bot's\bypass-bot\commands\gerar.js:27:51)
    at Object.execute (D:\bot's\bypass-bot\commands\gerar.js:257:17)
    at process.processTicksAndRejections (node:internal/process/task_queues:103:5)
    at async Object.execute (D:\bot's\bypass-bot\events\interactionCreate.js:38:7)
2026-01-19T12:00:16.708Z [ERROR]: Erro ao executar comando /gerar: ReferenceError: accent is not defined
    at v2Card (D:\bot's\bypass-bot\commands\gerar.js:27:51)
    at Object.execute (D:\bot's\bypass-bot\commands\gerar.js:275:17)
    at process.processTicksAndRejections (node:internal/process/task_queues:103:5)
    at async Object.execute (D:\bot's\bypass-bot\events\interactionCreate.js:38:7)
2026-01-19T12:00:40.613Z [WARN]: Recebido SIGINT. Encerrando...
2026-01-19T12:00:44.013Z [INFO]: Conectado ao MongoDB com sucesso
2026-01-19T12:00:44.020Z [INFO]: Evento interactionCreate carregado com sucesso
2026-01-19T12:00:44.021Z [INFO]: Evento ready carregado com sucesso
2026-01-19T12:00:44.024Z [INFO]: Comando /ajuda carregado com sucesso
2026-01-19T12:00:44.027Z [INFO]: Comando /atualizar carregado com sucesso
2026-01-19T12:00:44.029Z [INFO]: Comando /changelog carregado com sucesso
2026-01-19T12:00:44.030Z [INFO]: Comando /deletarall carregado com sucesso
2026-01-19T12:00:44.031Z [INFO]: Comando /download carregado com sucesso
2026-01-19T12:00:44.033Z [INFO]: Comando /gerar carregado com sucesso
2026-01-19T12:00:44.035Z [INFO]: Comando /info carregado com sucesso
2026-01-19T12:00:44.036Z [INFO]: Comando /listar-ativos carregado com sucesso
2026-01-19T12:00:44.045Z [INFO]: Comando /ping carregado com sucesso
2026-01-19T12:00:44.046Z [INFO]: Comando /produtos carregado com sucesso
2026-01-19T12:00:44.048Z [INFO]: Comando /remover-id carregado com sucesso
2026-01-19T12:00:44.049Z [INFO]: Comando /reset-hwid carregado com sucesso
2026-01-19T12:00:44.051Z [INFO]: Comando /tempo carregado com sucesso
2026-01-19T12:00:44.058Z [INFO]: API rodando na porta 3001
2026-01-19T12:00:45.597Z [INFO]: Bot iniciado com sucesso
2026-01-19T12:00:45.603Z [INFO]: Bot conectado como Safety API#7835
2026-01-19T12:00:45.603Z [INFO]: Guilds: 2 | WS Ping: -1ms
2026-01-19T12:00:49.486Z [INFO]: Geradas 1 chaves para produto nash por 85hz
2026-01-19T12:00:49.487Z [INFO]: Comando /gerar executado por 85hz
2026-01-19T12:01:18.124Z [WARN]: Recebido SIGINT. Encerrando...
2026-01-19T12:01:22.207Z [INFO]: Comandos registrados com sucesso!
2026-01-19T12:01:25.152Z [INFO]: Conectado ao MongoDB com sucesso
2026-01-19T12:01:25.159Z [INFO]: Evento interactionCreate carregado com sucesso
2026-01-19T12:01:25.160Z [INFO]: Evento ready carregado com sucesso
2026-01-19T12:01:25.162Z [INFO]: Comando /ajuda carregado com sucesso
2026-01-19T12:01:25.164Z [INFO]: Comando /atualizar carregado com sucesso
2026-01-19T12:01:25.166Z [INFO]: Comando /changelog carregado com sucesso
2026-01-19T12:01:25.167Z [INFO]: Comando /deletarall carregado com sucesso
2026-01-19T12:01:25.168Z [INFO]: Comando /download carregado com sucesso
2026-01-19T12:01:25.169Z [INFO]: Comando /gerar carregado com sucesso
2026-01-19T12:01:25.171Z [INFO]: Comando /info carregado com sucesso
2026-01-19T12:01:25.172Z [INFO]: Comando /listar-ativos carregado com sucesso
2026-01-19T12:01:25.181Z [INFO]: Comando /ping carregado com sucesso
2026-01-19T12:01:25.181Z [INFO]: Comando /produtos carregado com sucesso
2026-01-19T12:01:25.182Z [INFO]: Comando /remover-id carregado com sucesso
2026-01-19T12:01:25.183Z [INFO]: Comando /reset-hwid carregado com sucesso
2026-01-19T12:01:25.184Z [INFO]: Comando /tempo carregado com sucesso
2026-01-19T12:01:25.192Z [INFO]: API rodando na porta 3001
2026-01-19T12:01:28.465Z [INFO]: Bot iniciado com sucesso
2026-01-19T12:01:28.479Z [INFO]: Bot conectado como Safety API#7835
2026-01-19T12:01:28.480Z [INFO]: Guilds: 2 | WS Ping: -1ms
2026-01-19T12:01:34.196Z [INFO]: Info da chave NASH-H0CJBS-DBFAKO-P9K exibida por 85hz
2026-01-19T12:01:34.196Z [INFO]: Comando /info executado por 85hz
2026-01-19T12:02:26.815Z [INFO]: Comando /ping executado por 85hz
2026-01-19T12:02:26.815Z [INFO]: Comando /ping executado por 85hz
2026-01-19T12:16:33.387Z [WARN]: Recebido SIGINT. Encerrando...
2026-01-19T12:16:38.855Z [INFO]: Conectado ao MongoDB com sucesso
2026-01-19T12:16:38.862Z [INFO]: Evento interactionCreate carregado com sucesso
2026-01-19T12:16:38.863Z [INFO]: Evento ready carregado com sucesso
2026-01-19T12:16:38.866Z [INFO]: Comando /ajuda carregado com sucesso
2026-01-19T12:16:38.869Z [INFO]: Comando /atualizar carregado com sucesso
2026-01-19T12:16:38.870Z [INFO]: Comando /changelog carregado com sucesso
2026-01-19T12:16:38.872Z [INFO]: Comando /deletarall carregado com sucesso
2026-01-19T12:16:38.872Z [INFO]: Comando /download carregado com sucesso
2026-01-19T12:16:38.874Z [INFO]: Comando /gerar carregado com sucesso
2026-01-19T12:16:38.875Z [INFO]: Comando /info carregado com sucesso
2026-01-19T12:16:38.876Z [INFO]: Comando /listar-ativos carregado com sucesso
2026-01-19T12:16:38.886Z [INFO]: Comando /ping carregado com sucesso
2026-01-19T12:16:38.887Z [INFO]: Comando /produtos carregado com sucesso
2026-01-19T12:16:38.888Z [INFO]: Comando /remover-id carregado com sucesso
2026-01-19T12:16:38.889Z [INFO]: Comando /reset-hwid carregado com sucesso
2026-01-19T12:16:38.890Z [INFO]: Comando /tempo carregado com sucesso
2026-01-19T12:16:38.897Z [INFO]: API rodando na porta 3001
2026-01-19T12:16:40.593Z [INFO]: Bot iniciado com sucesso
2026-01-19T12:16:40.599Z [INFO]: Bot conectado como Safety API#7835
2026-01-19T12:16:40.599Z [INFO]: Guilds: 2 | WS Ping: -1ms
2026-01-19T12:48:26.730Z [INFO]: Geradas 1 chaves para produto nash por 85hz
2026-01-19T12:48:26.730Z [INFO]: Comando /gerar executado por 85hz
2026-01-19T12:53:43.425Z [INFO]: [AUTH_FIRST_LINK] Primeiro uso: vinculou hwid + discord | reqId=94b8c6c5-aa48-4c73-b9f3-2a9dc3047a44 ip=::1 status=200
2026-01-19T12:53:43.454Z [INFO]: [AUTH_SUCCESS] Login autorizado | reqId=94b8c6c5-aa48-4c73-b9f3-2a9dc3047a44 ip=::1 status=200
2026-01-19T12:54:37.802Z [INFO]: Info da chave NASH-D9GFUA-E3JOSX-R86 exibida por 85hz
2026-01-19T12:54:37.802Z [INFO]: Comando /info executado por 85hz
2026-01-19T12:54:56.647Z [INFO]: [AUTH_SUCCESS] Login autorizado | reqId=8627ec2b-c283-4388-8dea-a91463fbb124 ip=::1 status=200
2026-01-19T14:00:19.972Z [INFO]: [AUTH_SUCCESS] Login autorizado | reqId=d0996ec5-4bd0-4717-8b8d-e4dcdc6c8c65 ip=::1 status=200
2026-01-19T14:00:46.756Z [INFO]: [AUTH_SUCCESS] Login autorizado | reqId=df8342df-0af4-454e-af7e-134f2e970251 ip=::1 status=200
2026-01-19T16:54:25.449Z [WARN]: Recebido SIGINT. Encerrando...
2026-01-19T16:54:28.672Z [INFO]: Conectado ao MongoDB com sucesso
2026-01-19T16:54:28.719Z [INFO]: Evento interactionCreate carregado com sucesso
2026-01-19T16:54:28.723Z [INFO]: Evento ready carregado com sucesso
2026-01-19T16:54:28.728Z [INFO]: Comando /ajuda carregado com sucesso
2026-01-19T16:54:28.733Z [INFO]: Comando /atualizar carregado com sucesso
2026-01-19T16:54:28.736Z [INFO]: Comando /changelog carregado com sucesso
2026-01-19T16:54:28.739Z [INFO]: Comando /deletarall carregado com sucesso
2026-01-19T16:54:28.741Z [INFO]: Comando /download carregado com sucesso
2026-01-19T16:54:28.745Z [INFO]: Comando /gerar carregado com sucesso
2026-01-19T16:54:28.747Z [INFO]: Comando /info carregado com sucesso
2026-01-19T16:54:28.749Z [INFO]: Comando /listar-ativos carregado com sucesso
2026-01-19T16:54:28.771Z [INFO]: Comando /ping carregado com sucesso
2026-01-19T16:54:28.772Z [INFO]: Comando /produtos carregado com sucesso
2026-01-19T16:54:28.774Z [INFO]: Comando /remover-id carregado com sucesso
2026-01-19T16:54:28.776Z [INFO]: Comando /reset-hwid carregado com sucesso
2026-01-19T16:54:28.777Z [INFO]: Comando /tempo carregado com sucesso
2026-01-19T16:54:28.791Z [INFO]: API rodando na porta 3001
2026-01-19T16:54:29.813Z [INFO]: Bot iniciado com sucesso
2026-01-19T16:54:29.818Z [INFO]: Bot conectado como Safety API#7835
2026-01-19T16:54:29.819Z [INFO]: Guilds: 2 | WS Ping: -1ms
2026-01-19T16:55:02.524Z [WARN]: [AUTH_HWID_MISMATCH] HWID divergente | reqId=e2d6e7c2-e262-455c-8b17-5e4d75dbc4e7 ip=::1 status=401
2026-01-19T17:19:07.516Z [WARN]: Recebido SIGINT. Encerrando...
2026-01-19T17:19:10.507Z [INFO]: Conectado ao MongoDB com sucesso
2026-01-19T17:19:10.514Z [INFO]: Evento interactionCreate carregado com sucesso
2026-01-19T17:19:10.515Z [INFO]: Evento ready carregado com sucesso
2026-01-19T17:19:10.518Z [INFO]: Comando /ajuda carregado com sucesso
2026-01-19T17:19:10.521Z [INFO]: Comando /atualizar carregado com sucesso
2026-01-19T17:19:10.523Z [INFO]: Comando /changelog carregado com sucesso
2026-01-19T17:19:10.524Z [INFO]: Comando /deletarall carregado com sucesso
2026-01-19T17:19:10.525Z [INFO]: Comando /download carregado com sucesso
2026-01-19T17:19:10.526Z [INFO]: Comando /gerar carregado com sucesso
2026-01-19T17:19:10.528Z [INFO]: Comando /info carregado com sucesso
2026-01-19T17:19:10.529Z [INFO]: Comando /listar-ativos carregado com sucesso
2026-01-19T17:19:10.538Z [INFO]: Comando /ping carregado com sucesso
2026-01-19T17:19:10.539Z [INFO]: Comando /produtos carregado com sucesso
2026-01-19T17:19:10.540Z [INFO]: Comando /remover-id carregado com sucesso
2026-01-19T17:19:10.541Z [INFO]: Comando /reset-hwid carregado com sucesso
2026-01-19T17:19:10.541Z [INFO]: Comando /tempo carregado com sucesso
2026-01-19T17:19:10.549Z [INFO]: API rodando na porta 3001
2026-01-19T17:19:11.674Z [INFO]: Bot iniciado com sucesso
2026-01-19T17:19:11.678Z [INFO]: Bot conectado como Safety API#7835
2026-01-19T17:19:11.678Z [INFO]: Guilds: 2 | WS Ping: -1ms
2026-01-19T17:24:41.599Z [WARN]: Recebido SIGINT. Encerrando...
2026-01-19T17:24:44.332Z [INFO]: Conectado ao MongoDB com sucesso
2026-01-19T17:24:44.341Z [INFO]: Evento interactionCreate carregado com sucesso
2026-01-19T17:24:44.342Z [INFO]: Evento ready carregado com sucesso
2026-01-19T17:24:44.344Z [INFO]: Comando /ajuda carregado com sucesso
2026-01-19T17:24:44.346Z [INFO]: Comando /atualizar carregado com sucesso
2026-01-19T17:24:44.348Z [INFO]: Comando /changelog carregado com sucesso
2026-01-19T17:24:44.350Z [INFO]: Comando /deletarall carregado com sucesso
2026-01-19T17:24:44.351Z [INFO]: Comando /download carregado com sucesso
2026-01-19T17:24:44.353Z [INFO]: Comando /gerar carregado com sucesso
2026-01-19T17:24:44.354Z [INFO]: Comando /info carregado com sucesso
2026-01-19T17:24:44.354Z [INFO]: Comando /listar-ativos carregado com sucesso
2026-01-19T17:24:44.364Z [INFO]: Comando /ping carregado com sucesso
2026-01-19T17:24:44.365Z [INFO]: Comando /produtos carregado com sucesso
2026-01-19T17:24:44.366Z [INFO]: Comando /remover-id carregado com sucesso
2026-01-19T17:24:44.367Z [INFO]: Comando /reset-hwid carregado com sucesso
2026-01-19T17:24:44.368Z [INFO]: Comando /tempo carregado com sucesso
2026-01-19T17:24:44.377Z [INFO]: API rodando na porta 3001
2026-01-19T17:24:46.007Z [INFO]: Bot iniciado com sucesso
2026-01-19T17:24:46.013Z [INFO]: Bot conectado como Safety API#7835
2026-01-19T17:24:46.013Z [INFO]: Guilds: 2 | WS Ping: -1ms
2026-01-19T17:24:51.962Z [WARN]: [AUTH_HWID_MISMATCH] HWID divergente | reqId=ceab7809-148b-496c-9b17-b1fc52bfd69c ip=::1 status=401
2026-01-19T17:27:44.808Z [WARN]: Recebido SIGINT. Encerrando...
2026-01-19T17:27:48.405Z [INFO]: Conectado ao MongoDB com sucesso
2026-01-19T17:27:48.413Z [INFO]: Evento interactionCreate carregado com sucesso
2026-01-19T17:27:48.414Z [INFO]: Evento ready carregado com sucesso
2026-01-19T17:27:48.416Z [INFO]: Comando /ajuda carregado com sucesso
2026-01-19T17:27:48.419Z [INFO]: Comando /atualizar carregado com sucesso
2026-01-19T17:27:48.421Z [INFO]: Comando /changelog carregado com sucesso
2026-01-19T17:27:48.422Z [INFO]: Comando /deletarall carregado com sucesso
2026-01-19T17:27:48.423Z [INFO]: Comando /download carregado com sucesso
2026-01-19T17:27:48.425Z [INFO]: Comando /gerar carregado com sucesso
2026-01-19T17:27:48.426Z [INFO]: Comando /info carregado com sucesso
2026-01-19T17:27:48.427Z [INFO]: Comando /listar-ativos carregado com sucesso
2026-01-19T17:27:48.436Z [INFO]: Comando /ping carregado com sucesso
2026-01-19T17:27:48.437Z [INFO]: Comando /produtos carregado com sucesso
2026-01-19T17:27:48.438Z [INFO]: Comando /remover-id carregado com sucesso
2026-01-19T17:27:48.439Z [INFO]: Comando /reset-hwid carregado com sucesso
2026-01-19T17:27:48.440Z [INFO]: Comando /tempo carregado com sucesso
2026-01-19T17:27:48.448Z [INFO]: API rodando na porta 3001
2026-01-19T17:27:49.415Z [INFO]: Bot iniciado com sucesso
2026-01-19T17:27:49.420Z [INFO]: Bot conectado como Safety API#7835
2026-01-19T17:27:49.420Z [INFO]: Guilds: 2 | WS Ping: -1ms
2026-01-19T17:27:56.224Z [WARN]: [AUTH_HWID_MISMATCH] HWID divergente | reqId=90f3e87c-97bf-444e-8fda-48eafae86afa ip=::1 status=401
2026-01-19T17:29:49.904Z [WARN]: Recebido SIGINT. Encerrando...
2026-01-19T17:29:52.865Z [INFO]: Conectado ao MongoDB com sucesso
2026-01-19T17:29:52.872Z [INFO]: Evento interactionCreate carregado com sucesso
2026-01-19T17:29:52.873Z [INFO]: Evento ready carregado com sucesso
2026-01-19T17:29:52.875Z [INFO]: Comando /ajuda carregado com sucesso
2026-01-19T17:29:52.878Z [INFO]: Comando /atualizar carregado com sucesso
2026-01-19T17:29:52.879Z [INFO]: Comando /changelog carregado com sucesso
2026-01-19T17:29:52.881Z [INFO]: Comando /deletarall carregado com sucesso
2026-01-19T17:29:52.882Z [INFO]: Comando /download carregado com sucesso
2026-01-19T17:29:52.883Z [INFO]: Comando /gerar carregado com sucesso
2026-01-19T17:29:52.884Z [INFO]: Comando /info carregado com sucesso
2026-01-19T17:29:52.885Z [INFO]: Comando /listar-ativos carregado com sucesso
2026-01-19T17:29:52.894Z [INFO]: Comando /ping carregado com sucesso
2026-01-19T17:29:52.895Z [INFO]: Comando /produtos carregado com sucesso
2026-01-19T17:29:52.896Z [INFO]: Comando /remover-id carregado com sucesso
2026-01-19T17:29:52.897Z [INFO]: Comando /reset-hwid carregado com sucesso
2026-01-19T17:29:52.898Z [INFO]: Comando /tempo carregado com sucesso
2026-01-19T17:29:52.905Z [INFO]: API rodando na porta 3001
2026-01-19T17:29:54.269Z [INFO]: Bot iniciado com sucesso
2026-01-19T17:29:54.272Z [INFO]: Bot conectado como Safety API#7835
2026-01-19T17:29:54.272Z [INFO]: Guilds: 2 | WS Ping: -1ms
2026-01-19T17:30:00.596Z [WARN]: [AUTH_HWID_MISMATCH] HWID divergente | reqId=c18763d7-9b84-4c8c-85b7-c9f17e010274 ip=::1 status=401
2026-01-19T17:31:08.174Z [INFO]: HWID da chave NASH-D9GFUA-E3JOSX-R86 resetado por 85hz
2026-01-19T17:31:08.174Z [INFO]: Comando /reset-hwid executado por 85hz
2026-01-19T17:31:21.984Z [INFO]: [AUTH_FIRST_LINK] Primeiro uso: vinculou hwid + discord | reqId=56017f6d-8db7-4bc0-93df-bc3d3841f2e9 ip=::1 status=200
2026-01-19T17:31:22.015Z [INFO]: [AUTH_SUCCESS] Login autorizado | reqId=56017f6d-8db7-4bc0-93df-bc3d3841f2e9 ip=::1 status=200
2026-01-19T17:31:39.184Z [INFO]: Info da chave NASH-D9GFUA-E3JOSX-R86 exibida por 85hz
2026-01-19T17:31:39.185Z [INFO]: Comando /info executado por 85hz
2026-01-19T17:56:26.934Z [WARN]: Recebido SIGINT. Encerrando...
2026-01-19T17:56:32.239Z [INFO]: Comandos registrados com sucesso!
2026-01-19T17:56:37.237Z [INFO]: Conectado ao MongoDB com sucesso
2026-01-19T17:56:37.259Z [INFO]: Evento interactionCreate carregado com sucesso
2026-01-19T17:56:37.261Z [INFO]: Evento ready carregado com sucesso
2026-01-19T17:56:37.268Z [INFO]: Comando /ativos carregado com sucesso
2026-01-19T17:56:37.271Z [INFO]: Comando /id carregado com sucesso
2026-01-19T17:56:37.274Z [INFO]: Comando /chave carregado com sucesso
2026-01-19T17:56:37.276Z [INFO]: Comando /produto carregado com sucesso
2026-01-19T17:56:37.277Z [INFO]: Comando /status carregado com sucesso
2026-01-19T17:56:37.287Z [INFO]: API rodando na porta 3001
2026-01-19T17:56:39.000Z [INFO]: Bot iniciado com sucesso
2026-01-19T17:56:39.005Z [INFO]: Bot conectado como Safety API#7835
2026-01-19T17:56:39.005Z [INFO]: Guilds: 2 | WS Ping: -1ms
2026-01-19T17:57:01.709Z [INFO]: Comando /status executado por 85hz
2026-01-19T17:57:53.014Z [INFO]: Comando /chave executado por 85hz
2026-01-19T17:58:12.161Z [INFO]: Comando /chave executado por 85hz
2026-01-19T17:58:25.862Z [INFO]: [AUTH_FIRST_LINK] Primeiro uso: vinculou hwid + discord | reqId=646f05bb-53e2-41e5-a8a1-0b2241ee0c57 ip=::1 status=200
2026-01-19T17:58:25.894Z [INFO]: [AUTH_SUCCESS] Login autorizado | reqId=646f05bb-53e2-41e5-a8a1-0b2241ee0c57 ip=::1 status=200
2026-01-19T17:58:35.844Z [INFO]: Comando /chave executado por 85hz
2026-01-19T17:59:03.399Z [INFO]: Comando /chave executado por 85hz
2026-01-19T17:59:19.194Z [INFO]: Comando /chave executado por 85hz
2026-01-19T17:59:27.496Z [INFO]: Comando /chave executado por 85hz
2026-01-19T17:59:53.980Z [INFO]: Comando /chave executado por 85hz
2026-01-19T18:00:14.144Z [INFO]: Comando /ativos executado por 85hz
2026-01-19T18:00:27.784Z [INFO]: Comando /id executado por 85hz
2026-01-19T18:01:09.091Z [INFO]: Comando /chave executado por 85hz
2026-01-19T18:05:16.146Z [WARN]: Recebido SIGINT. Encerrando...
2026-01-19T18:05:19.784Z [INFO]: Conectado ao MongoDB com sucesso
2026-01-19T18:05:19.795Z [INFO]: Evento interactionCreate carregado com sucesso
2026-01-19T18:05:19.796Z [INFO]: Evento ready carregado com sucesso
2026-01-19T18:05:19.800Z [INFO]: Comando /ativos carregado com sucesso
2026-01-19T18:05:19.802Z [INFO]: Comando /id carregado com sucesso
2026-01-19T18:05:19.805Z [INFO]: Comando /chave carregado com sucesso
2026-01-19T18:05:19.806Z [INFO]: Comando /manutencao carregado com sucesso
2026-01-19T18:05:19.808Z [INFO]: Comando /produto carregado com sucesso
2026-01-19T18:05:19.809Z [INFO]: Comando /status carregado com sucesso
2026-01-19T18:05:19.817Z [INFO]: API rodando na porta 3001
2026-01-19T18:05:26.360Z [INFO]: Comandos registrados com sucesso!
2026-01-19T18:05:29.372Z [INFO]: Conectado ao MongoDB com sucesso
2026-01-19T18:05:29.391Z [INFO]: Evento interactionCreate carregado com sucesso
2026-01-19T18:05:29.393Z [INFO]: Evento ready carregado com sucesso
2026-01-19T18:05:29.400Z [INFO]: Comando /ativos carregado com sucesso
2026-01-19T18:05:29.403Z [INFO]: Comando /id carregado com sucesso
2026-01-19T18:05:29.407Z [INFO]: Comando /chave carregado com sucesso
2026-01-19T18:05:29.408Z [INFO]: Comando /manutencao carregado com sucesso
2026-01-19T18:05:29.409Z [INFO]: Comando /produto carregado com sucesso
2026-01-19T18:05:29.410Z [INFO]: Comando /status carregado com sucesso
2026-01-19T18:05:29.421Z [INFO]: API rodando na porta 3001
2026-01-19T18:05:30.409Z [INFO]: Bot iniciado com sucesso
2026-01-19T18:05:30.413Z [INFO]: Bot conectado como Safety API#7835
2026-01-19T18:05:30.414Z [INFO]: Guilds: 2 | WS Ping: -1ms
2026-01-19T18:05:39.502Z [INFO]: Comando /manutencao executado por 85hz
2026-01-19T18:05:59.718Z [WARN]: Recebido SIGINT. Encerrando...
2026-01-19T18:06:02.662Z [INFO]: Conectado ao MongoDB com sucesso
2026-01-19T18:06:02.669Z [INFO]: Evento interactionCreate carregado com sucesso
2026-01-19T18:06:02.670Z [INFO]: Evento ready carregado com sucesso
2026-01-19T18:06:02.674Z [INFO]: Comando /ativos carregado com sucesso
2026-01-19T18:06:02.676Z [INFO]: Comando /id carregado com sucesso
2026-01-19T18:06:02.679Z [INFO]: Comando /chave carregado com sucesso
2026-01-19T18:06:02.680Z [INFO]: Comando /manutencao carregado com sucesso
2026-01-19T18:06:02.681Z [INFO]: Comando /produto carregado com sucesso
2026-01-19T18:06:02.682Z [INFO]: Comando /status carregado com sucesso
2026-01-19T18:06:02.694Z [INFO]: API rodando na porta 3001
2026-01-19T18:06:04.429Z [INFO]: Bot iniciado com sucesso
2026-01-19T18:06:04.435Z [INFO]: Bot conectado como Safety API#7835
2026-01-19T18:06:04.435Z [INFO]: Guilds: 2 | WS Ping: -1ms
2026-01-19T18:06:07.341Z [WARN]: [MAINTENANCE] mode=1 by=1089991680649863328 msg=default
2026-01-19T18:06:07.587Z [INFO]: Comando /manutencao executado por 85hz
2026-01-19T18:06:29.646Z [ERROR]: [EXPRESS_ERROR] Cannot set headers after they are sent to the client | reqId=a166e1ba-ca30-4a36-bdbc-0b441c436e84 ip=::1 status=500
2026-01-19T18:08:38.880Z [WARN]: Recebido SIGINT. Encerrando...
2026-01-19T18:08:41.144Z [INFO]: Conectado ao MongoDB com sucesso
2026-01-19T18:08:41.151Z [INFO]: Evento interactionCreate carregado com sucesso
2026-01-19T18:08:41.152Z [INFO]: Evento ready carregado com sucesso
2026-01-19T18:08:41.156Z [INFO]: Comando /ativos carregado com sucesso
2026-01-19T18:08:41.158Z [INFO]: Comando /id carregado com sucesso
2026-01-19T18:08:41.161Z [INFO]: Comando /chave carregado com sucesso
2026-01-19T18:08:41.162Z [INFO]: Comando /manutencao carregado com sucesso
2026-01-19T18:08:41.163Z [INFO]: Comando /produto carregado com sucesso
2026-01-19T18:08:41.164Z [INFO]: Comando /status carregado com sucesso
2026-01-19T18:08:41.172Z [INFO]: API rodando na porta 3001
2026-01-19T18:08:42.451Z [INFO]: Bot iniciado com sucesso
2026-01-19T18:08:42.452Z [INFO]: Bot conectado como Safety API#7835
2026-01-19T18:08:42.452Z [INFO]: Guilds: 2 | WS Ping: -1ms
2026-01-19T18:09:24.734Z [WARN]: Recebido SIGINT. Encerrando...
2026-01-19T18:09:27.399Z [INFO]: Conectado ao MongoDB com sucesso
2026-01-19T18:09:27.407Z [INFO]: Evento interactionCreate carregado com sucesso
2026-01-19T18:09:27.408Z [INFO]: Evento ready carregado com sucesso
2026-01-19T18:09:27.414Z [INFO]: Comando /ativos carregado com sucesso
2026-01-19T18:09:27.417Z [INFO]: Comando /id carregado com sucesso
2026-01-19T18:09:27.421Z [INFO]: Comando /chave carregado com sucesso
2026-01-19T18:09:27.422Z [INFO]: Comando /manutencao carregado com sucesso
2026-01-19T18:09:27.425Z [INFO]: Comando /produto carregado com sucesso
2026-01-19T18:09:27.427Z [INFO]: Comando /status carregado com sucesso
2026-01-19T18:09:27.445Z [INFO]: API rodando na porta 3001
2026-01-19T18:09:28.461Z [INFO]: Bot iniciado com sucesso
2026-01-19T18:09:28.473Z [INFO]: Bot conectado como Safety API#7835
2026-01-19T18:09:28.474Z [INFO]: Guilds: 2 | WS Ping: -1ms
2026-01-19T18:09:33.632Z [WARN]: [MAINTENANCE] mode=1 by=1089991680649863328 msg=default
2026-01-19T18:09:34.418Z [INFO]: Comando /manutencao executado por 85hz
2026-01-19T18:10:22.443Z [WARN]: [MAINTENANCE_BLOCK] Blocked by maintenance mode | reqId=98de55e0-8310-4a29-afeb-679e19a7adf0 ip=::1 status=503
2026-01-19T18:11:18.835Z [INFO]: Comando /produto executado por 85hz
2026-01-19T18:23:20.483Z [WARN]: Recebido SIGINT. Encerrando...
2026-01-19T18:23:23.674Z [INFO]: Conectado ao MongoDB com sucesso
2026-01-19T18:23:23.681Z [INFO]: Evento interactionCreate carregado com sucesso
2026-01-19T18:23:23.682Z [INFO]: Evento ready carregado com sucesso
2026-01-19T18:23:23.686Z [INFO]: Comando /ativos carregado com sucesso
2026-01-19T18:23:23.689Z [INFO]: Comando /id carregado com sucesso
2026-01-19T18:23:23.691Z [INFO]: Comando /chave carregado com sucesso
2026-01-19T18:23:23.692Z [INFO]: Comando /manutencao carregado com sucesso
2026-01-19T18:23:23.693Z [INFO]: Comando /produto carregado com sucesso
2026-01-19T18:23:23.694Z [INFO]: Comando /status carregado com sucesso
2026-01-19T18:23:23.696Z [INFO]: Comando /wipe carregado com sucesso
2026-01-19T18:23:23.704Z [INFO]: API rodando na porta 3001
2026-01-19T18:23:24.687Z [INFO]: Bot iniciado com sucesso
2026-01-19T18:23:24.695Z [INFO]: Bot conectado como Safety API#7835
2026-01-19T18:23:24.696Z [INFO]: Guilds: 2 | WS Ping: -1ms
2026-01-19T18:23:33.025Z [WARN]: Recebido SIGINT. Encerrando...
2026-01-19T18:23:37.544Z [INFO]: Comandos registrados com sucesso!
2026-01-19T18:23:40.759Z [ERROR]: Erro ao conectar ao MongoDB: querySrv ESERVFAIL _mongodb._tcp.cluster0.1babxf8.mongodb.net
2026-01-19T18:24:02.552Z [INFO]: Conectado ao MongoDB com sucesso
2026-01-19T18:24:02.559Z [INFO]: Evento interactionCreate carregado com sucesso
2026-01-19T18:24:02.560Z [INFO]: Evento ready carregado com sucesso
2026-01-19T18:24:02.565Z [INFO]: Comando /ativos carregado com sucesso
2026-01-19T18:24:02.568Z [INFO]: Comando /id carregado com sucesso
2026-01-19T18:24:02.571Z [INFO]: Comando /chave carregado com sucesso
2026-01-19T18:24:02.572Z [INFO]: Comando /manutencao carregado com sucesso
2026-01-19T18:24:02.574Z [INFO]: Comando /produto carregado com sucesso
2026-01-19T18:24:02.575Z [INFO]: Comando /status carregado com sucesso
2026-01-19T18:24:02.577Z [INFO]: Comando /wipe carregado com sucesso
2026-01-19T18:24:02.585Z [INFO]: API rodando na porta 3001
2026-01-19T18:24:03.998Z [INFO]: Bot iniciado com sucesso
2026-01-19T18:24:04.003Z [INFO]: Bot conectado como Safety API#7835
2026-01-19T18:24:04.003Z [INFO]: Guilds: 2 | WS Ping: -1ms
2026-01-19T18:24:10.133Z [ERROR]: Erro ao executar comando /wipe: Error: Invalid string length
    at Object.run (D:\bot's\bypass-bot\node_modules\@sapphire\shapeshift\dist\cjs\index.cjs:2422:79)
    at D:\bot's\bypass-bot\node_modules\@sapphire\shapeshift\dist\cjs\index.cjs:972:67
    at Array.reduce (<anonymous>)
    at _StringValidator.parse (D:\bot's\bypass-bot\node_modules\@sapphire\shapeshift\dist\cjs\index.cjs:972:29)
    at TextDisplayBuilder.setContent (D:\bot's\bypass-bot\node_modules\@discordjs\builders\dist\index.js:1701:53)
    at v2Card (D:\bot's\bypass-bot\utils\uiV2.js:22:57)
    at replyV2 (D:\bot's\bypass-bot\commands\wipe.js:27:18)
    at Object.execute (D:\bot's\bypass-bot\commands\wipe.js:94:14)
    at process.processTicksAndRejections (node:internal/process/task_queues:103:5)
    at async Object.execute (D:\bot's\bypass-bot\events\interactionCreate.js:89:7)
2026-01-19T18:24:40.564Z [INFO]: Comando /wipe executado por 85hz
2026-01-19T18:24:46.807Z [ERROR]: Erro ao executar comando /wipe: Error: Invalid string length
    at Object.run (D:\bot's\bypass-bot\node_modules\@sapphire\shapeshift\dist\cjs\index.cjs:2422:79)
    at D:\bot's\bypass-bot\node_modules\@sapphire\shapeshift\dist\cjs\index.cjs:972:67
    at Array.reduce (<anonymous>)
    at _StringValidator.parse (D:\bot's\bypass-bot\node_modules\@sapphire\shapeshift\dist\cjs\index.cjs:972:29)
    at TextDisplayBuilder.setContent (D:\bot's\bypass-bot\node_modules\@discordjs\builders\dist\index.js:1701:53)
    at v2Card (D:\bot's\bypass-bot\utils\uiV2.js:22:57)
    at replyV2 (D:\bot's\bypass-bot\commands\wipe.js:27:18)
    at Object.execute (D:\bot's\bypass-bot\commands\wipe.js:94:14)
    at process.processTicksAndRejections (node:internal/process/task_queues:103:5)
    at async Object.execute (D:\bot's\bypass-bot\events\interactionCreate.js:89:7)
2026-01-19T18:25:25.365Z [WARN]: Recebido SIGINT. Encerrando...
2026-01-19T18:25:29.762Z [INFO]: Conectado ao MongoDB com sucesso
2026-01-19T18:25:29.768Z [INFO]: Evento interactionCreate carregado com sucesso
2026-01-19T18:25:29.769Z [INFO]: Evento ready carregado com sucesso
2026-01-19T18:25:29.773Z [INFO]: Comando /ativos carregado com sucesso
2026-01-19T18:25:29.775Z [INFO]: Comando /id carregado com sucesso
2026-01-19T18:25:29.778Z [INFO]: Comando /chave carregado com sucesso
2026-01-19T18:25:29.779Z [INFO]: Comando /manutencao carregado com sucesso
2026-01-19T18:25:29.781Z [INFO]: Comando /produto carregado com sucesso
2026-01-19T18:25:29.782Z [INFO]: Comando /status carregado com sucesso
2026-01-19T18:25:29.783Z [INFO]: Comando /wipe carregado com sucesso
2026-01-19T18:25:29.792Z [INFO]: API rodando na porta 3001
2026-01-19T18:25:31.884Z [INFO]: Bot iniciado com sucesso
2026-01-19T18:25:31.895Z [INFO]: Bot conectado como Safety API#7835
2026-01-19T18:25:31.895Z [INFO]: Guilds: 2 | WS Ping: -1ms
2026-01-19T18:25:37.854Z [ERROR]: Erro ao executar comando /wipe: Error: Invalid string length
    at Object.run (D:\bot's\bypass-bot\node_modules\@sapphire\shapeshift\dist\cjs\index.cjs:2422:79)
    at D:\bot's\bypass-bot\node_modules\@sapphire\shapeshift\dist\cjs\index.cjs:972:67
    at Array.reduce (<anonymous>)
    at _StringValidator.parse (D:\bot's\bypass-bot\node_modules\@sapphire\shapeshift\dist\cjs\index.cjs:972:29)
    at TextDisplayBuilder.setContent (D:\bot's\bypass-bot\node_modules\@discordjs\builders\dist\index.js:1701:53)
    at v2Card (D:\bot's\bypass-bot\utils\uiV2.js:22:57)
    at replyV2 (D:\bot's\bypass-bot\commands\wipe.js:27:18)
    at Object.execute (D:\bot's\bypass-bot\commands\wipe.js:94:14)
    at process.processTicksAndRejections (node:internal/process/task_queues:103:5)
    at async Object.execute (D:\bot's\bypass-bot\events\interactionCreate.js:89:7)
2026-01-19T18:25:45.146Z [WARN]: Recebido SIGINT. Encerrando...
2026-01-19T18:27:03.447Z [INFO]: Conectado ao MongoDB com sucesso
2026-01-19T18:27:03.454Z [INFO]: Evento interactionCreate carregado com sucesso
2026-01-19T18:27:03.455Z [INFO]: Evento ready carregado com sucesso
2026-01-19T18:27:03.460Z [INFO]: Comando /ativos carregado com sucesso
2026-01-19T18:27:03.462Z [INFO]: Comando /id carregado com sucesso
2026-01-19T18:27:03.464Z [INFO]: Comando /chave carregado com sucesso
2026-01-19T18:27:03.465Z [INFO]: Comando /manutencao carregado com sucesso
2026-01-19T18:27:03.467Z [INFO]: Comando /produto carregado com sucesso
2026-01-19T18:27:03.468Z [INFO]: Comando /status carregado com sucesso
2026-01-19T18:27:03.470Z [INFO]: Comando /wipe carregado com sucesso
2026-01-19T18:27:03.478Z [INFO]: API rodando na porta 3001
2026-01-19T18:27:04.721Z [INFO]: Bot iniciado com sucesso
2026-01-19T18:27:04.726Z [INFO]: Bot conectado como Safety API#7835
2026-01-19T18:27:04.726Z [INFO]: Guilds: 2 | WS Ping: -1ms
2026-01-19T18:27:09.342Z [INFO]: Comando /wipe executado por 85hz
2026-01-19T18:27:20.627Z [WARN]: [WIPE] alvo=all by=1089991680649863328 result={"keys":61,"users":1,"products":1}
2026-01-19T18:27:20.957Z [INFO]: Comando /wipe executado por 85hz
2026-01-19T18:27:58.597Z [WARN]: Recebido SIGINT. Encerrando...
2026-01-19T18:28:02.785Z [INFO]: Conectado ao MongoDB com sucesso
2026-01-19T18:28:02.792Z [INFO]: Evento interactionCreate carregado com sucesso
2026-01-19T18:28:02.793Z [INFO]: Evento ready carregado com sucesso
2026-01-19T18:28:02.796Z [INFO]: Comando /ativos carregado com sucesso
2026-01-19T18:28:02.799Z [INFO]: Comando /id carregado com sucesso
2026-01-19T18:28:02.802Z [INFO]: Comando /chave carregado com sucesso
2026-01-19T18:28:02.803Z [INFO]: Comando /manutencao carregado com sucesso
2026-01-19T18:28:02.804Z [INFO]: Comando /produto carregado com sucesso
2026-01-19T18:28:02.805Z [INFO]: Comando /status carregado com sucesso
2026-01-19T18:28:02.807Z [INFO]: Comando /wipe carregado com sucesso
2026-01-19T18:28:02.816Z [INFO]: API rodando na porta 3001
2026-01-19T18:28:05.041Z [INFO]: Bot iniciado com sucesso
2026-01-19T18:28:05.052Z [INFO]: Bot conectado como Safety API#7835
2026-01-19T18:28:05.053Z [INFO]: Guilds: 2 | WS Ping: -1ms
2026-01-19T18:28:26.738Z [INFO]: Comando /produto executado por 85hz
2026-01-19T18:28:42.573Z [INFO]: Comando /chave executado por 85hz
2026-01-19T18:28:57.264Z [INFO]: [AUTH_FIRST_LINK] Primeiro uso: vinculou hwid + discord | reqId=29600d46-4842-4c93-af4c-bab443c02c9a ip=::1 status=200
2026-01-19T18:28:57.294Z [INFO]: [AUTH_SUCCESS] Login autorizado | reqId=29600d46-4842-4c93-af4c-bab443c02c9a ip=::1 status=200
2026-01-19T18:29:05.192Z [INFO]: Comando /chave executado por 85hz
2026-01-19T18:29:09.644Z [INFO]: Comando /chave executado por 85hz
2026-01-19T18:52:39.838Z [INFO]: [AUTH_SUCCESS] Login autorizado | reqId=70696ab9-3b1a-4204-9ed5-3227fa150861 ip=::1 status=200
2026-01-19T18:53:35.614Z [INFO]: [AUTH_SUCCESS] Login autorizado | reqId=ac018031-d8b5-4785-8925-ca3aabbbb719 ip=::1 status=200
2026-01-19T18:53:50.427Z [INFO]: [AUTH_SUCCESS] Login autorizado | reqId=a15fc457-3199-4c4b-b006-17d2aff49bbd ip=::1 status=200
2026-01-19T18:54:49.749Z [INFO]: [AUTH_SUCCESS] Login autorizado | reqId=8e9d2328-569d-407d-8557-74ca00ac5e2a ip=::1 status=200
2026-01-19T18:55:35.961Z [INFO]: [AUTH_SUCCESS] Login autorizado | reqId=65a1aef1-f348-4e9e-bbc8-03cfcb67a750 ip=::1 status=200
2026-01-19T18:57:11.078Z [INFO]: [AUTH_SUCCESS] Login autorizado | reqId=1f5c93ba-f197-45f1-910a-f0af1221c64b ip=::1 status=200
2026-01-19T18:58:16.431Z [INFO]: [AUTH_SUCCESS] Login autorizado | reqId=a61a7e3e-587e-404e-8659-4e23b5f58062 ip=::1 status=200
2026-01-19T19:01:53.228Z [INFO]: [AUTH_SUCCESS] Login autorizado | reqId=b531aa34-67d4-49aa-ab48-bd1cd0961ccf ip=::1 status=200
2026-01-19T19:02:30.141Z [INFO]: [AUTH_SUCCESS] Login autorizado | reqId=638445d5-fd7b-49f3-8584-11035b4942d5 ip=::1 status=200
2026-01-19T19:02:47.579Z [INFO]: [AUTH_SUCCESS] Login autorizado | reqId=ee9bfd50-a236-44e3-83bf-e50e3be17643 ip=::1 status=200
2026-01-19T19:05:24.019Z [INFO]: [AUTH_SUCCESS] Login autorizado | reqId=93733224-dafc-40cc-8496-3fc1a3929469 ip=::1 status=200
2026-01-19T19:06:04.742Z [INFO]: [AUTH_SUCCESS] Login autorizado | reqId=71ef8ae3-6bbd-42a9-bab2-868a4eb97ac1 ip=::1 status=200
2026-01-19T19:09:53.963Z [WARN]: Recebido SIGINT. Encerrando...
2026-01-20T16:09:16.813Z [INFO]: Conectado ao MongoDB com sucesso
2026-01-20T16:09:16.821Z [INFO]: Evento interactionCreate carregado com sucesso
2026-01-20T16:09:16.823Z [INFO]: Evento ready carregado com sucesso
2026-01-20T16:09:16.829Z [INFO]: Comando /ativos carregado com sucesso
2026-01-20T16:09:16.830Z [INFO]: Comando /censura carregado com sucesso
2026-01-20T16:09:16.834Z [INFO]: Comando /id carregado com sucesso
2026-01-20T16:09:16.837Z [INFO]: Comando /chave carregado com sucesso
2026-01-20T16:09:16.838Z [INFO]: Comando /manutencao carregado com sucesso
2026-01-20T16:09:16.840Z [INFO]: Comando /produto carregado com sucesso
2026-01-20T16:09:16.841Z [INFO]: Comando /status carregado com sucesso
2026-01-20T16:09:16.844Z [INFO]: Comando /wipe carregado com sucesso
2026-01-20T16:09:16.854Z [INFO]: API rodando na porta 3001
2026-01-20T16:09:18.613Z [INFO]: Bot iniciado com sucesso
2026-01-20T16:09:18.631Z [INFO]: Bot conectado como Safety API#7835
2026-01-20T16:09:18.632Z [INFO]: Guilds: 3 | WS Ping: -1ms
2026-01-20T16:09:20.098Z [WARN]: Recebido SIGINT. Encerrando...
2026-01-20T16:09:28.919Z [INFO]: Comandos registrados com sucesso!
2026-01-20T16:09:32.403Z [INFO]: Conectado ao MongoDB com sucesso
2026-01-20T16:09:32.411Z [INFO]: Evento interactionCreate carregado com sucesso
2026-01-20T16:09:32.412Z [INFO]: Evento ready carregado com sucesso
2026-01-20T16:09:32.416Z [INFO]: Comando /ativos carregado com sucesso
2026-01-20T16:09:32.417Z [INFO]: Comando /censura carregado com sucesso
2026-01-20T16:09:32.419Z [INFO]: Comando /id carregado com sucesso
2026-01-20T16:09:32.422Z [INFO]: Comando /chave carregado com sucesso
2026-01-20T16:09:32.423Z [INFO]: Comando /manutencao carregado com sucesso
2026-01-20T16:09:32.424Z [INFO]: Comando /produto carregado com sucesso
2026-01-20T16:09:32.426Z [INFO]: Comando /status carregado com sucesso
2026-01-20T16:09:32.427Z [INFO]: Comando /wipe carregado com sucesso
2026-01-20T16:09:32.437Z [INFO]: API rodando na porta 3001
2026-01-20T16:09:34.557Z [INFO]: Bot iniciado com sucesso
2026-01-20T16:09:34.572Z [INFO]: Bot conectado como Safety API#7835
2026-01-20T16:09:34.572Z [INFO]: Guilds: 3 | WS Ping: -1ms
2026-01-20T16:09:44.633Z [WARN]: Recebido SIGINT. Encerrando...
2026-01-20T18:01:15.262Z [INFO]: Conectado ao MongoDB com sucesso
2026-01-20T18:01:15.273Z [INFO]: Evento interactionCreate carregado com sucesso
2026-01-20T18:01:15.274Z [INFO]: Evento ready carregado com sucesso
2026-01-20T18:01:15.278Z [INFO]: Comando /ativos carregado com sucesso
2026-01-20T18:01:15.280Z [INFO]: Comando /censura carregado com sucesso
2026-01-20T18:01:15.282Z [INFO]: Comando /id carregado com sucesso
2026-01-20T18:01:15.285Z [INFO]: Comando /chave carregado com sucesso
2026-01-20T18:01:15.286Z [INFO]: Comando /manutencao carregado com sucesso
2026-01-20T18:01:15.291Z [INFO]: Comando /produto carregado com sucesso
2026-01-20T18:01:15.301Z [INFO]: Comando /status carregado com sucesso
2026-01-20T18:01:15.303Z [INFO]: Comando /wipe carregado com sucesso
2026-01-20T18:01:15.316Z [INFO]: API rodando na porta 80
2026-01-20T18:01:16.168Z [INFO]: Bot iniciado com sucesso
2026-01-20T18:01:16.180Z [INFO]: Bot conectado como Safety API#7835
2026-01-20T18:01:16.180Z [INFO]: Guilds: 3 | WS Ping: -1ms
2026-01-20T18:01:55.720Z [WARN]: [ADMIN_KEYS_CREATE] Created 1 key(s) | reqId=2744dba7-47ca-4d06-9216-0830918e5206 ip=187.45.42.18 status=200
2026-01-20T18:02:14.806Z [WARN]: [ADMIN_PRIVACY_TOGGLE] Censor DISABLED | reqId=75c15462-53bc-4637-82be-758c4e127f98 ip=187.45.42.18 status=200
2026-01-20T18:09:21.401Z [INFO]: [AUTH_FIRST_LINK] Primeiro uso: vinculou hwid + discord | reqId=bb2860c2-6668-4962-b550-e0a02a742d77 ip=187.45.42.18 status=200
2026-01-20T18:09:21.528Z [WARN]: [DISCORD_PROFILE_SYNC_FAIL] Falhou ao sincronizar perfil do Discord (primeiro login) | reqId=bb2860c2-6668-4962-b550-e0a02a742d77 ip=187.45.42.18 status=200
2026-01-20T18:09:21.658Z [INFO]: [AUTH_SUCCESS] Login autorizado | reqId=bb2860c2-6668-4962-b550-e0a02a742d77 ip=187.45.42.18 status=200
2026-01-20T18:09:39.354Z [ERROR]: [ADMIN_DISCORD_SYNC_ERROR] DISCORD_BOT_TOKEN not set | reqId=13289f26-8919-4a7b-997e-79a2237993de ip=187.45.42.18 status=500
2026-01-20T18:27:41.227Z [WARN]: [ADMIN_KEYS_CREATE] Created 1 key(s) | reqId=022be05e-49e0-4a53-ad99-818b8b5d2f00 ip=187.45.42.18 status=200
2026-01-20T18:27:48.392Z [INFO]: [AUTH_FIRST_LINK] Primeiro uso: vinculou hwid + discord | reqId=4410b779-486f-4873-be7f-3d9ce1b95d86 ip=187.45.42.18 status=200
2026-01-20T18:27:48.513Z [WARN]: [DISCORD_PROFILE_SYNC_FAIL] Falhou ao sincronizar perfil do Discord (primeiro login) | reqId=4410b779-486f-4873-be7f-3d9ce1b95d86 ip=187.45.42.18 status=200
2026-01-20T18:27:48.636Z [INFO]: [AUTH_SUCCESS] Login autorizado | reqId=4410b779-486f-4873-be7f-3d9ce1b95d86 ip=187.45.42.18 status=200
2026-01-20T18:36:03.334Z [INFO]: Conectado ao MongoDB com sucesso
2026-01-20T18:36:03.344Z [INFO]: Evento interactionCreate carregado com sucesso
2026-01-20T18:36:03.345Z [INFO]: Evento ready carregado com sucesso
2026-01-20T18:36:03.350Z [INFO]: Comando /ativos carregado com sucesso
2026-01-20T18:36:03.351Z [INFO]: Comando /censura carregado com sucesso
2026-01-20T18:36:03.353Z [INFO]: Comando /id carregado com sucesso
2026-01-20T18:36:03.360Z [INFO]: Comando /chave carregado com sucesso
2026-01-20T18:36:03.362Z [INFO]: Comando /manutencao carregado com sucesso
2026-01-20T18:36:03.364Z [INFO]: Comando /produto carregado com sucesso
2026-01-20T18:36:03.366Z [INFO]: Comando /status carregado com sucesso
2026-01-20T18:36:03.368Z [INFO]: Comando /wipe carregado com sucesso
2026-01-20T18:36:03.384Z [INFO]: API rodando na porta 80
2026-01-20T18:36:03.957Z [INFO]: Bot iniciado com sucesso
2026-01-20T18:36:03.966Z [INFO]: Bot conectado como Safety API#7835
2026-01-20T18:36:03.966Z [INFO]: Guilds: 3 | WS Ping: -1ms
2026-01-20T18:36:29.791Z [WARN]: [ADMIN_KEYS_CREATE] Created 1 key(s) | reqId=c4fc8a43-5587-45fb-8bd8-5a372d195466 ip=187.45.42.18 status=200
2026-01-20T18:36:44.190Z [WARN]: [DISCORD_PROFILE_FETCH_FAIL] DISCORD_BOT_TOKEN not set | reqId=b34ad876-e486-410c-b174-836592c951b2 ip=187.45.42.18 status=200
2026-01-20T18:36:44.320Z [INFO]: [AUTH_FIRST_LINK] Primeiro uso: vinculou hwid + discord | reqId=b34ad876-e486-410c-b174-836592c951b2 ip=187.45.42.18 status=200
2026-01-20T18:36:44.450Z [WARN]: [DISCORD_PROFILE_SYNC_FAIL] Falhou ao sincronizar perfil do Discord (primeiro login) | reqId=b34ad876-e486-410c-b174-836592c951b2 ip=187.45.42.18 status=200
2026-01-20T18:36:44.572Z [INFO]: [AUTH_SUCCESS] Login autorizado | reqId=b34ad876-e486-410c-b174-836592c951b2 ip=187.45.42.18 status=200
2026-01-20T18:38:07.487Z [INFO]: Conectado ao MongoDB com sucesso
2026-01-20T18:38:07.500Z [INFO]: Evento interactionCreate carregado com sucesso
2026-01-20T18:38:07.501Z [INFO]: Evento ready carregado com sucesso
2026-01-20T18:38:07.506Z [INFO]: Comando /ativos carregado com sucesso
2026-01-20T18:38:07.507Z [INFO]: Comando /censura carregado com sucesso
2026-01-20T18:38:07.510Z [INFO]: Comando /id carregado com sucesso
2026-01-20T18:38:07.513Z [INFO]: Comando /chave carregado com sucesso
2026-01-20T18:38:07.514Z [INFO]: Comando /manutencao carregado com sucesso
2026-01-20T18:38:07.516Z [INFO]: Comando /produto carregado com sucesso
2026-01-20T18:38:07.517Z [INFO]: Comando /status carregado com sucesso
2026-01-20T18:38:07.519Z [INFO]: Comando /wipe carregado com sucesso
2026-01-20T18:38:07.540Z [INFO]: API rodando na porta 80
2026-01-20T18:38:08.259Z [INFO]: Bot iniciado com sucesso
2026-01-20T18:38:08.270Z [INFO]: Bot conectado como Safety API#7835
2026-01-20T18:38:08.271Z [INFO]: Guilds: 3 | WS Ping: -1ms
2026-01-20T18:38:23.734Z [WARN]: [ADMIN_KEYS_CREATE] Created 1 key(s) | reqId=75128a05-5991-4053-9249-a7b4647cccde ip=187.45.42.18 status=200
2026-01-20T18:38:33.937Z [INFO]: [AUTH_FIRST_LINK] Primeiro uso: vinculou hwid + discord | reqId=6d390ae5-1075-48bf-8a73-ec35095065bb ip=187.45.42.18 status=200
2026-01-20T18:38:34.192Z [INFO]: [AUTH_SUCCESS] Login autorizado | reqId=6d390ae5-1075-48bf-8a73-ec35095065bb ip=187.45.42.18 status=200
2026-01-20T18:41:07.507Z [WARN]: [ADMIN_KEYS_CREATE] Created 1 key(s) | reqId=860235f7-8d5d-4ad4-accc-ea01b2c41ce7 ip=187.45.42.18 status=200
2026-01-20T18:44:13.301Z [INFO]: [AUTH_FIRST_LINK] Primeiro uso: vinculou hwid + discord | reqId=ca23104b-833c-4184-8578-707509027eba ip=187.45.42.18 status=200
2026-01-20T18:44:13.571Z [INFO]: [AUTH_SUCCESS] Login autorizado | reqId=ca23104b-833c-4184-8578-707509027eba ip=187.45.42.18 status=200
2026-01-20T18:45:17.719Z [WARN]: [ADMIN_PRIVACY_TOGGLE] Censor ENABLED | reqId=c6e440a3-57f2-4193-bf41-dbc2a27b5a75 ip=187.45.42.18 status=200
2026-01-20T18:45:41.496Z [WARN]: [ADMIN_PRIVACY_TOGGLE] Censor DISABLED | reqId=42c4c863-8ae3-47c4-a540-c90072a46a69 ip=187.45.42.18 status=200
2026-01-20T18:46:22.202Z [WARN]: [MAINTENANCE_BLOCK] Blocked by maintenance mode | reqId=4d8f2544-1954-4c7e-ac98-fb0a8b16618e ip=187.45.42.18 status=503
2026-01-20T18:46:22.366Z [WARN]: [MAINTENANCE_BLOCK] Blocked by maintenance mode | reqId=5fedafc6-4e36-4a90-aecd-2415783e7b3c ip=187.45.42.18 status=503
2026-01-20T18:46:22.675Z [WARN]: [MAINTENANCE_BLOCK] Blocked by maintenance mode | reqId=3efa416e-a950-4c32-88cf-621e5db33372 ip=187.45.42.18 status=503
2026-01-20T18:46:22.833Z [WARN]: [MAINTENANCE_BLOCK] Blocked by maintenance mode | reqId=f584998f-6479-4159-be7b-5779f32eceb6 ip=187.45.42.18 status=503
2026-01-20T18:46:23.587Z [WARN]: [MAINTENANCE_BLOCK] Blocked by maintenance mode | reqId=8188fa8a-7761-47c3-86e0-1a430edf4205 ip=187.45.42.18 status=503
2026-01-20T18:46:23.708Z [WARN]: [MAINTENANCE_BLOCK] Blocked by maintenance mode | reqId=12e70079-63b4-41a0-b008-66d2449fe4c3 ip=187.45.42.18 status=503
2026-01-20T18:46:23.743Z [WARN]: [MAINTENANCE_BLOCK] Blocked by maintenance mode | reqId=fa7197a9-aecc-4e93-bcf7-19520673b605 ip=187.45.42.18 status=503
2026-01-20T18:46:23.867Z [WARN]: [MAINTENANCE_BLOCK] Blocked by maintenance mode | reqId=7fd385e1-0a6c-4502-b70f-1a6b68cc3d5b ip=187.45.42.18 status=503
2026-01-20T18:46:24.691Z [WARN]: [MAINTENANCE_BLOCK] Blocked by maintenance mode | reqId=abd9ccd1-80bd-422c-ae33-fdac83aec192 ip=187.45.42.18 status=503
2026-01-20T18:46:24.694Z [WARN]: [MAINTENANCE_BLOCK] Blocked by maintenance mode | reqId=108bed48-b269-463a-9643-a1c5b7ba7284 ip=187.45.42.18 status=503
2026-01-20T18:46:24.845Z [WARN]: [MAINTENANCE_BLOCK] Blocked by maintenance mode | reqId=7963e4e7-541e-4acb-8d97-ab7f644296b0 ip=187.45.42.18 status=503
2026-01-20T18:46:24.851Z [WARN]: [MAINTENANCE_BLOCK] Blocked by maintenance mode | reqId=79cb2691-a1fa-45e0-847e-9cd1f486eae6 ip=187.45.42.18 status=503
2026-01-20T18:46:26.153Z [WARN]: [MAINTENANCE_BLOCK] Blocked by maintenance mode | reqId=86983a12-2f59-4f80-9da8-e48d03d43f0f ip=187.45.42.18 status=503
2026-01-20T18:46:26.156Z [WARN]: [MAINTENANCE_BLOCK] Blocked by maintenance mode | reqId=5a654ff4-5020-4813-8a2e-f1ea14018bc4 ip=187.45.42.18 status=503
2026-01-20T18:46:26.310Z [WARN]: [MAINTENANCE_BLOCK] Blocked by maintenance mode | reqId=f4a744f8-7b0f-4521-b01a-4d6e390570d4 ip=187.45.42.18 status=503
2026-01-20T18:46:26.313Z [WARN]: [MAINTENANCE_BLOCK] Blocked by maintenance mode | reqId=818f1b30-39d5-48f7-a618-f9af18927f6c ip=187.45.42.18 status=503
2026-01-20T18:46:26.944Z [WARN]: [MAINTENANCE_BLOCK] Blocked by maintenance mode | reqId=89757502-3f56-45d4-a319-c39744f2a79f ip=187.45.42.18 status=503
2026-01-20T18:46:27.220Z [WARN]: [MAINTENANCE_BLOCK] Blocked by maintenance mode | reqId=7ca4f0d1-2cb0-4988-a5d9-a285b768427b ip=187.45.42.18 status=503
2026-01-20T18:46:27.667Z [WARN]: [MAINTENANCE_BLOCK] Blocked by maintenance mode | reqId=c4be0858-e889-4e53-bbd0-c6c2fa1c88b2 ip=187.45.42.18 status=503
2026-01-20T18:46:27.825Z [WARN]: [MAINTENANCE_BLOCK] Blocked by maintenance mode | reqId=1d25ee9f-8448-4257-93d1-c3a94e5de6d4 ip=187.45.42.18 status=503
2026-01-20T18:46:29.048Z [WARN]: [MAINTENANCE_BLOCK] Blocked by maintenance mode | reqId=ef8c5884-fb9e-4ffc-a9de-d34349a0d979 ip=187.45.42.18 status=503
2026-01-20T18:46:29.206Z [WARN]: [MAINTENANCE_BLOCK] Blocked by maintenance mode | reqId=b7a77665-bbba-4aa7-9033-4c2f24ac2cb0 ip=187.45.42.18 status=503
2026-01-20T18:46:29.719Z [WARN]: [MAINTENANCE_BLOCK] Blocked by maintenance mode | reqId=6736c550-6ac0-4919-967a-c50e15b0fc15 ip=187.45.42.18 status=503
2026-01-20T18:46:29.721Z [WARN]: [MAINTENANCE_BLOCK] Blocked by maintenance mode | reqId=180cb6a9-ed30-4c15-b07a-4149087284c4 ip=187.45.42.18 status=503
2026-01-20T18:46:29.843Z [WARN]: [MAINTENANCE_BLOCK] Blocked by maintenance mode | reqId=05c991f6-feae-4478-8cae-6417951cffac ip=187.45.42.18 status=503
2026-01-20T18:46:29.846Z [WARN]: [MAINTENANCE_BLOCK] Blocked by maintenance mode | reqId=fde78597-78d2-4429-b953-a2bbc3091ce7 ip=187.45.42.18 status=503
2026-01-20T18:46:29.879Z [WARN]: [MAINTENANCE_BLOCK] Blocked by maintenance mode | reqId=55db8f34-a699-40b4-a4d5-0cd2dd7d86e2 ip=187.45.42.18 status=503
2026-01-20T18:46:29.882Z [WARN]: [MAINTENANCE_BLOCK] Blocked by maintenance mode | reqId=12d4b23a-8cf4-49f7-b6fe-dfe87af6da47 ip=187.45.42.18 status=503
2026-01-20T18:46:30.005Z [WARN]: [MAINTENANCE_BLOCK] Blocked by maintenance mode | reqId=72397b0b-32a1-4ca7-a775-9c1b2cb6641c ip=187.45.42.18 status=503
2026-01-20T18:46:30.008Z [WARN]: [MAINTENANCE_BLOCK] Blocked by maintenance mode | reqId=3f121c9c-717e-4e77-8f78-00fb83a06045 ip=187.45.42.18 status=503
2026-01-20T18:46:31.665Z [WARN]: [MAINTENANCE_BLOCK] Blocked by maintenance mode | reqId=f5aa6d21-0669-482a-9559-0ae6acff4c1f ip=187.45.42.18 status=503
2026-01-20T18:47:02.513Z [WARN]: [MAINTENANCE] mode=0 by=1089991680649863328 msg=default
2026-01-20T18:47:02.749Z [INFO]: Comando /manutencao executado por 85hz
2026-01-20T18:53:26.835Z [ERROR]: [EXPRESS_ERROR] Not allowed by CORS: https://preview-admin-dashboard-kzmjqdx30g2snnbavz9j.vusercontent.net | reqId=undefined ip=187.45.42.18 status=500
2026-01-20T18:53:26.954Z [ERROR]: [EXPRESS_ERROR] Not allowed by CORS: https://preview-admin-dashboard-kzmjqdx30g2snnbavz9j.vusercontent.net | reqId=undefined ip=187.45.42.18 status=500
2026-01-20T18:53:57.537Z [ERROR]: [EXPRESS_ERROR] Not allowed by CORS: https://preview-admin-dashboard-kzmjqdx30g2snnbavz9j.vusercontent.net | reqId=undefined ip=187.45.42.18 status=500
2026-01-20T18:54:26.562Z [ERROR]: [EXPRESS_ERROR] Not allowed by CORS: https://preview-admin-dashboard-kzmjqdx30g2snnbavz9j.vusercontent.net | reqId=undefined ip=187.45.42.18 status=500
2026-01-20T18:54:57.469Z [ERROR]: [EXPRESS_ERROR] Not allowed by CORS: https://preview-admin-dashboard-kzmjqdx30g2snnbavz9j.vusercontent.net | reqId=undefined ip=187.45.42.18 status=500
2026-01-20T18:55:27.903Z [ERROR]: [EXPRESS_ERROR] Not allowed by CORS: https://preview-admin-dashboard-kzmjqdx30g2snnbavz9j.vusercontent.net | reqId=undefined ip=187.45.42.18 status=500
2026-01-20T18:55:57.226Z [ERROR]: [EXPRESS_ERROR] Not allowed by CORS: https://preview-admin-dashboard-kzmjqdx30g2snnbavz9j.vusercontent.net | reqId=undefined ip=187.45.42.18 status=500
2026-01-20T18:56:19.706Z [INFO]: Conectado ao MongoDB com sucesso
2026-01-20T18:56:19.715Z [INFO]: Evento interactionCreate carregado com sucesso
2026-01-20T18:56:19.716Z [INFO]: Evento ready carregado com sucesso
2026-01-20T18:56:19.721Z [INFO]: Comando /ativos carregado com sucesso
2026-01-20T18:56:19.722Z [INFO]: Comando /censura carregado com sucesso
2026-01-20T18:56:19.724Z [INFO]: Comando /id carregado com sucesso
2026-01-20T18:56:19.726Z [INFO]: Comando /chave carregado com sucesso
2026-01-20T18:56:19.727Z [INFO]: Comando /manutencao carregado com sucesso
2026-01-20T18:56:19.729Z [INFO]: Comando /produto carregado com sucesso
2026-01-20T18:56:19.730Z [INFO]: Comando /status carregado com sucesso
2026-01-20T18:56:19.731Z [INFO]: Comando /wipe carregado com sucesso
2026-01-20T18:56:19.757Z [INFO]: API rodando na porta 80
2026-01-20T18:56:20.290Z [INFO]: Bot iniciado com sucesso
2026-01-20T18:56:20.298Z [INFO]: Bot conectado como Safety API#7835
2026-01-20T18:56:20.298Z [INFO]: Guilds: 3 | WS Ping: -1ms
2026-01-20T18:56:27.333Z [ERROR]: [EXPRESS_ERROR] Not allowed by CORS: https://preview-admin-dashboard-kzmjqdx30g2snnbavz9j.vusercontent.net | reqId=undefined ip=187.45.42.18 status=500
2026-01-20T18:56:57.389Z [ERROR]: [EXPRESS_ERROR] Not allowed by CORS: https://preview-admin-dashboard-kzmjqdx30g2snnbavz9j.vusercontent.net | reqId=undefined ip=187.45.42.18 status=500
2026-01-20T18:57:11.527Z [INFO]: Conectado ao MongoDB com sucesso
2026-01-20T18:57:11.537Z [INFO]: Evento interactionCreate carregado com sucesso
2026-01-20T18:57:11.538Z [INFO]: Evento ready carregado com sucesso
2026-01-20T18:57:11.543Z [INFO]: Comando /ativos carregado com sucesso
2026-01-20T18:57:11.543Z [INFO]: Comando /censura carregado com sucesso
2026-01-20T18:57:11.546Z [INFO]: Comando /id carregado com sucesso
2026-01-20T18:57:11.552Z [INFO]: Comando /chave carregado com sucesso
2026-01-20T18:57:11.553Z [INFO]: Comando /manutencao carregado com sucesso
2026-01-20T18:57:11.554Z [INFO]: Comando /produto carregado com sucesso
2026-01-20T18:57:11.556Z [INFO]: Comando /status carregado com sucesso
2026-01-20T18:57:11.558Z [INFO]: Comando /wipe carregado com sucesso
2026-01-20T18:57:11.574Z [INFO]: API rodando na porta 80
2026-01-20T18:57:11.985Z [INFO]: Bot iniciado com sucesso
2026-01-20T18:57:12.002Z [INFO]: Bot conectado como Safety API#7835
2026-01-20T18:57:12.002Z [INFO]: Guilds: 3 | WS Ping: -1ms
2026-01-20T18:58:12.729Z [ERROR]: [EXPRESS_ERROR] Not allowed by CORS: https://preview-admin-dashboard-kzmkmgz9m26g5e9za9tu.vusercontent.net | reqId=undefined ip=187.45.42.18 status=500
2026-01-20T18:58:12.744Z [ERROR]: [EXPRESS_ERROR] Not allowed by CORS: https://preview-admin-dashboard-kzmkmgz9m26g5e9za9tu.vusercontent.net | reqId=undefined ip=187.45.42.18 status=500
2026-01-20T18:58:43.114Z [ERROR]: [EXPRESS_ERROR] Not allowed by CORS: https://preview-admin-dashboard-kzmkmgz9m26g5e9za9tu.vusercontent.net | reqId=undefined ip=187.45.42.18 status=500
2026-01-20T18:59:13.206Z [ERROR]: [EXPRESS_ERROR] Not allowed by CORS: https://preview-admin-dashboard-kzmkmgz9m26g5e9za9tu.vusercontent.net | reqId=undefined ip=187.45.42.18 status=500
2026-01-20T18:59:43.599Z [ERROR]: [EXPRESS_ERROR] Not allowed by CORS: https://preview-admin-dashboard-kzmkmgz9m26g5e9za9tu.vusercontent.net | reqId=undefined ip=187.45.42.18 status=500
2026-01-20T19:00:13.329Z [ERROR]: [EXPRESS_ERROR] Not allowed by CORS: https://preview-admin-dashboard-kzmkmgz9m26g5e9za9tu.vusercontent.net | reqId=undefined ip=187.45.42.18 status=500
2026-01-20T19:00:43.195Z [ERROR]: [EXPRESS_ERROR] Not allowed by CORS: https://preview-admin-dashboard-kzmkmgz9m26g5e9za9tu.vusercontent.net | reqId=undefined ip=187.45.42.18 status=500
2026-01-20T19:01:13.672Z [ERROR]: [EXPRESS_ERROR] Not allowed by CORS: https://preview-admin-dashboard-kzmkmgz9m26g5e9za9tu.vusercontent.net | reqId=undefined ip=187.45.42.18 status=500
2026-01-20T19:01:59.202Z [ERROR]: [EXPRESS_ERROR] Not allowed by CORS: https://preview-admin-dashboard-kzmkmgz9m26g5e9za9tu.vusercontent.net | reqId=undefined ip=187.45.42.18 status=500
2026-01-20T19:02:59.747Z [ERROR]: [EXPRESS_ERROR] Not allowed by CORS: https://preview-admin-dashboard-kzmkmgz9m26g5e9za9tu.vusercontent.net | reqId=undefined ip=187.45.42.18 status=500
2026-01-20T19:03:59.485Z [ERROR]: [EXPRESS_ERROR] Not allowed by CORS: https://preview-admin-dashboard-kzmkmgz9m26g5e9za9tu.vusercontent.net | reqId=undefined ip=187.45.42.18 status=500
2026-01-20T19:04:13.566Z [ERROR]: [EXPRESS_ERROR] Not allowed by CORS: https://preview-admin-dashboard-kzmkmgz9m26g5e9za9tu.vusercontent.net | reqId=undefined ip=187.45.42.18 status=500
2026-01-20T19:04:43.405Z [ERROR]: [EXPRESS_ERROR] Not allowed by CORS: https://preview-admin-dashboard-kzmkmgz9m26g5e9za9tu.vusercontent.net | reqId=undefined ip=187.45.42.18 status=500
2026-01-20T19:05:13.168Z [ERROR]: [EXPRESS_ERROR] Not allowed by CORS: https://preview-admin-dashboard-kzmkmgz9m26g5e9za9tu.vusercontent.net | reqId=undefined ip=187.45.42.18 status=500
2026-01-20T19:05:59.719Z [ERROR]: [EXPRESS_ERROR] Not allowed by CORS: https://preview-admin-dashboard-kzmkmgz9m26g5e9za9tu.vusercontent.net | reqId=undefined ip=187.45.42.18 status=500
2026-01-20T19:06:29.348Z [ERROR]: [EXPRESS_ERROR] Not allowed by CORS: https://preview-admin-dashboard-kzmkmgz9m26g5e9za9tu.vusercontent.net | reqId=undefined ip=187.45.42.18 status=500
2026-01-20T19:06:43.130Z [ERROR]: [EXPRESS_ERROR] Not allowed by CORS: https://preview-admin-dashboard-kzmkmgz9m26g5e9za9tu.vusercontent.net | reqId=undefined ip=187.45.42.18 status=500
2026-01-20T19:07:13.462Z [ERROR]: [EXPRESS_ERROR] Not allowed by CORS: https://preview-admin-dashboard-kzmkmgz9m26g5e9za9tu.vusercontent.net | reqId=undefined ip=187.45.42.18 status=500
2026-01-20T19:07:43.154Z [ERROR]: [EXPRESS_ERROR] Not allowed by CORS: https://preview-admin-dashboard-kzmkmgz9m26g5e9za9tu.vusercontent.net | reqId=undefined ip=187.45.42.18 status=500
2026-01-20T19:08:13.433Z [ERROR]: [EXPRESS_ERROR] Not allowed by CORS: https://preview-admin-dashboard-kzmkmgz9m26g5e9za9tu.vusercontent.net | reqId=undefined ip=187.45.42.18 status=500
2026-01-20T19:08:43.612Z [ERROR]: [EXPRESS_ERROR] Not allowed by CORS: https://preview-admin-dashboard-kzmkmgz9m26g5e9za9tu.vusercontent.net | reqId=undefined ip=187.45.42.18 status=500
2026-01-20T19:09:13.144Z [ERROR]: [EXPRESS_ERROR] Not allowed by CORS: https://preview-admin-dashboard-kzmkmgz9m26g5e9za9tu.vusercontent.net | reqId=undefined ip=187.45.42.18 status=500
2026-01-20T19:09:43.154Z [ERROR]: [EXPRESS_ERROR] Not allowed by CORS: https://preview-admin-dashboard-kzmkmgz9m26g5e9za9tu.vusercontent.net | reqId=undefined ip=187.45.42.18 status=500
2026-01-20T19:10:59.727Z [ERROR]: [EXPRESS_ERROR] Not allowed by CORS: https://preview-admin-dashboard-kzmkmgz9m26g5e9za9tu.vusercontent.net | reqId=undefined ip=187.45.42.18 status=500
2026-01-20T19:11:12.662Z [ERROR]: [EXPRESS_ERROR] Not allowed by CORS: https://preview-admin-dashboard-kzmkmgz9m26g5e9za9tu.vusercontent.net | reqId=undefined ip=187.45.42.18 status=500
2026-01-20T19:11:43.256Z [ERROR]: [EXPRESS_ERROR] Not allowed by CORS: https://preview-admin-dashboard-kzmkmgz9m26g5e9za9tu.vusercontent.net | reqId=undefined ip=187.45.42.18 status=500
2026-01-20T19:12:59.225Z [ERROR]: [EXPRESS_ERROR] Not allowed by CORS: https://preview-admin-dashboard-kzmkmgz9m26g5e9za9tu.vusercontent.net | reqId=undefined ip=187.45.42.18 status=500
2026-01-20T19:13:59.234Z [ERROR]: [EXPRESS_ERROR] Not allowed by CORS: https://preview-admin-dashboard-kzmkmgz9m26g5e9za9tu.vusercontent.net | reqId=undefined ip=187.45.42.18 status=500
2026-01-20T19:14:53.152Z [WARN]: [ADMIN_WEBHOOK_SETTINGS_UPDATE] Webhook settings updated | reqId=deee9826-56c6-4769-b4e5-16686f142cbb ip=187.45.42.18 status=200
2026-01-20T19:14:59.414Z [ERROR]: [EXPRESS_ERROR] Not allowed by CORS: https://preview-admin-dashboard-kzmkmgz9m26g5e9za9tu.vusercontent.net | reqId=undefined ip=187.45.42.18 status=500
2026-01-20T19:15:23.139Z [ERROR]: [EXPRESS_ERROR] Not allowed by CORS: https://preview-admin-dashboard-kzmkmgz9m26g5e9za9tu.vusercontent.net | reqId=undefined ip=187.45.42.18 status=500
2026-01-20T19:15:43.090Z [ERROR]: [EXPRESS_ERROR] Not allowed by CORS: https://preview-admin-dashboard-kzmkmgz9m26g5e9za9tu.vusercontent.net | reqId=undefined ip=187.45.42.18 status=500
2026-01-20T19:16:13.283Z [ERROR]: [EXPRESS_ERROR] Not allowed by CORS: https://preview-admin-dashboard-kzmkmgz9m26g5e9za9tu.vusercontent.net | reqId=undefined ip=187.45.42.18 status=500
2026-01-20T19:16:16.477Z [WARN]: [ADMIN_PRODUCT_CREATE] Product created | reqId=d3224144-a2b9-493c-8b5d-e6c5bcfba305 ip=187.45.42.18 status=200
2026-01-20T19:16:59.889Z [ERROR]: [EXPRESS_ERROR] Not allowed by CORS: https://preview-admin-dashboard-kzmkmgz9m26g5e9za9tu.vusercontent.net | reqId=undefined ip=187.45.42.18 status=500
2026-01-20T19:17:59.374Z [ERROR]: [EXPRESS_ERROR] Not allowed by CORS: https://preview-admin-dashboard-kzmkmgz9m26g5e9za9tu.vusercontent.net | reqId=undefined ip=187.45.42.18 status=500
2026-01-20T19:18:59.716Z [ERROR]: [EXPRESS_ERROR] Not allowed by CORS: https://preview-admin-dashboard-kzmkmgz9m26g5e9za9tu.vusercontent.net | reqId=undefined ip=187.45.42.18 status=500
2026-01-20T19:19:59.565Z [ERROR]: [EXPRESS_ERROR] Not allowed by CORS: https://preview-admin-dashboard-kzmkmgz9m26g5e9za9tu.vusercontent.net | reqId=undefined ip=187.45.42.18 status=500
2026-01-20T19:20:59.957Z [ERROR]: [EXPRESS_ERROR] Not allowed by CORS: https://preview-admin-dashboard-kzmkmgz9m26g5e9za9tu.vusercontent.net | reqId=undefined ip=187.45.42.18 status=500
2026-01-20T19:21:59.197Z [ERROR]: [EXPRESS_ERROR] Not allowed by CORS: https://preview-admin-dashboard-kzmkmgz9m26g5e9za9tu.vusercontent.net | reqId=undefined ip=187.45.42.18 status=500
2026-01-20T19:22:59.803Z [ERROR]: [EXPRESS_ERROR] Not allowed by CORS: https://preview-admin-dashboard-kzmkmgz9m26g5e9za9tu.vusercontent.net | reqId=undefined ip=187.45.42.18 status=500
2026-01-20T19:23:59.078Z [ERROR]: [EXPRESS_ERROR] Not allowed by CORS: https://preview-admin-dashboard-kzmkmgz9m26g5e9za9tu.vusercontent.net | reqId=undefined ip=187.45.42.18 status=500
2026-01-20T19:24:59.474Z [ERROR]: [EXPRESS_ERROR] Not allowed by CORS: https://preview-admin-dashboard-kzmkmgz9m26g5e9za9tu.vusercontent.net | reqId=undefined ip=187.45.42.18 status=500
2026-01-20T19:25:59.061Z [ERROR]: [EXPRESS_ERROR] Not allowed by CORS: https://preview-admin-dashboard-kzmkmgz9m26g5e9za9tu.vusercontent.net | reqId=undefined ip=187.45.42.18 status=500
2026-01-20T19:26:59.506Z [ERROR]: [EXPRESS_ERROR] Not allowed by CORS: https://preview-admin-dashboard-kzmkmgz9m26g5e9za9tu.vusercontent.net | reqId=undefined ip=187.45.42.18 status=500
2026-01-20T19:27:59.163Z [ERROR]: [EXPRESS_ERROR] Not allowed by CORS: https://preview-admin-dashboard-kzmkmgz9m26g5e9za9tu.vusercontent.net | reqId=undefined ip=187.45.42.18 status=500
2026-01-20T19:28:59.617Z [ERROR]: [EXPRESS_ERROR] Not allowed by CORS: https://preview-admin-dashboard-kzmkmgz9m26g5e9za9tu.vusercontent.net | reqId=undefined ip=187.45.42.18 status=500
2026-01-20T19:29:59.160Z [ERROR]: [EXPRESS_ERROR] Not allowed by CORS: https://preview-admin-dashboard-kzmkmgz9m26g5e9za9tu.vusercontent.net | reqId=undefined ip=187.45.42.18 status=500
2026-01-20T19:30:59.387Z [ERROR]: [EXPRESS_ERROR] Not allowed by CORS: https://preview-admin-dashboard-kzmkmgz9m26g5e9za9tu.vusercontent.net | reqId=undefined ip=187.45.42.18 status=500
2026-01-20T19:31:59.156Z [ERROR]: [EXPRESS_ERROR] Not allowed by CORS: https://preview-admin-dashboard-kzmkmgz9m26g5e9za9tu.vusercontent.net | reqId=undefined ip=187.45.42.18 status=500
2026-01-20T19:32:51.690Z [ERROR]: [EXPRESS_ERROR] Not allowed by CORS: https://preview-admin-dashboard-kzmkmgz9m26g5e9za9tu.vusercontent.net | reqId=undefined ip=187.45.42.18 status=500
2026-01-20T20:15:02.354Z [ERROR]: [EXPRESS_ERROR] Not allowed by CORS: https://www.safetysoftwares.cloud | reqId=undefined ip=187.45.42.18 status=500
2026-01-20T20:15:02.473Z [ERROR]: [EXPRESS_ERROR] Not allowed by CORS: https://www.safetysoftwares.cloud | reqId=undefined ip=187.45.42.18 status=500
2026-01-20T20:15:32.711Z [ERROR]: [EXPRESS_ERROR] Not allowed by CORS: https://www.safetysoftwares.cloud | reqId=undefined ip=187.45.42.18 status=500
2026-01-20T20:16:05.226Z [INFO]: Conectado ao MongoDB com sucesso
2026-01-20T20:16:05.238Z [INFO]: Evento interactionCreate carregado com sucesso
2026-01-20T20:16:05.239Z [INFO]: Evento ready carregado com sucesso
2026-01-20T20:16:05.244Z [INFO]: Comando /ativos carregado com sucesso
2026-01-20T20:16:05.245Z [INFO]: Comando /censura carregado com sucesso
2026-01-20T20:16:05.248Z [INFO]: Comando /id carregado com sucesso
2026-01-20T20:16:05.252Z [INFO]: Comando /chave carregado com sucesso
2026-01-20T20:16:05.253Z [INFO]: Comando /manutencao carregado com sucesso
2026-01-20T20:16:05.254Z [INFO]: Comando /produto carregado com sucesso
2026-01-20T20:16:05.255Z [INFO]: Comando /status carregado com sucesso
2026-01-20T20:16:05.257Z [INFO]: Comando /wipe carregado com sucesso
2026-01-20T20:16:05.273Z [INFO]: API rodando na porta 80
2026-01-20T20:16:05.856Z [INFO]: Bot iniciado com sucesso
2026-01-20T20:16:05.875Z [INFO]: Bot conectado como Safety API#7835
2026-01-20T20:16:05.875Z [INFO]: Guilds: 3 | WS Ping: -1ms
2026-01-20T20:17:51.225Z [INFO]: [AUTH_SUCCESS] Login autorizado | reqId=9feab779-b3b7-4e15-a9bc-e6ad450f0f5e ip=187.45.42.18 status=200
2026-01-20T20:31:52.847Z [WARN]: [ADMIN_KEYS_CREATE] Created 1 key(s) | reqId=ad419ef4-bcb2-48f8-96ea-90897269041e ip=187.45.42.18 status=200
2026-01-20T20:34:43.664Z [WARN]: [ADMIN_KEYS_CREATE] Created 1 key(s) | reqId=02f709e8-95fb-4cc8-841f-41d76295ef2b ip=187.45.42.18 status=200
2026-01-20T20:35:03.210Z [INFO]: [AUTH_FIRST_LINK] Primeiro uso: vinculou hwid + discord | reqId=28fe9d8c-b3be-4473-8486-7f31b727ee0e ip=187.45.42.18 status=200
2026-01-20T20:35:03.453Z [INFO]: [AUTH_SUCCESS] Login autorizado | reqId=28fe9d8c-b3be-4473-8486-7f31b727ee0e ip=187.45.42.18 status=200
2026-01-20T20:35:58.817Z [INFO]: [AUTH_SUCCESS] Login autorizado | reqId=b9952803-e9dc-4ee4-a887-67c847e10bec ip=187.45.42.18 status=200
2026-01-21T00:43:42.552Z [ERROR]: [EXPRESS_ERROR] Not allowed by CORS: https://preview-admid-kzmo3fsf2ad45jro3l9o.vusercontent.net | reqId=undefined ip=187.45.42.18 status=500
2026-01-21T01:44:29.424Z [ERROR]: [EXPRESS_ERROR] Prefixo inválido (use apenas letras A-Z, máx 20) | reqId=4a693473-4693-4367-8350-6e8be53503a3 ip=179.48.236.40 status=500
2026-01-21T01:44:33.379Z [ERROR]: [EXPRESS_ERROR] Prefixo inválido (use apenas letras A-Z, máx 20) | reqId=3e098cd8-fd1d-4af3-88a4-58d0488dbfae ip=179.48.236.40 status=500
2026-01-21T01:44:33.821Z [ERROR]: [EXPRESS_ERROR] Prefixo inválido (use apenas letras A-Z, máx 20) | reqId=3a228989-47ae-48e9-8fce-a75702a57830 ip=179.48.236.40 status=500
2026-01-21T01:44:35.423Z [ERROR]: [EXPRESS_ERROR] Prefixo inválido (use apenas letras A-Z, máx 20) | reqId=a0d3421a-bdf8-4f33-a293-812572a50333 ip=179.48.236.40 status=500
2026-01-21T01:44:36.055Z [ERROR]: [EXPRESS_ERROR] Prefixo inválido (use apenas letras A-Z, máx 20) | reqId=c61eceb8-cac6-4b46-b747-abdb32497dba ip=179.48.236.40 status=500
2026-01-21T01:45:05.159Z [ERROR]: [EXPRESS_ERROR] Prefixo inválido (use apenas letras A-Z, máx 20) | reqId=19234738-d9ef-449d-a084-62ec3b239fc5 ip=179.48.236.40 status=500
2026-01-21T01:45:09.519Z [ERROR]: [EXPRESS_ERROR] Prefixo inválido (use apenas letras A-Z, máx 20) | reqId=2e3da41a-0b19-437f-a934-55f5c1f10bf6 ip=179.48.236.40 status=500
2026-01-21T01:46:18.178Z [INFO]: [AUTH_FIRST_LINK] Primeiro uso: vinculou hwid + discord | reqId=0986a965-b66d-47b5-9509-440e15eb8335 ip=179.48.236.40 status=200
2026-01-21T01:46:18.421Z [INFO]: [AUTH_SUCCESS] Login autorizado | reqId=0986a965-b66d-47b5-9509-440e15eb8335 ip=179.48.236.40 status=200
2026-01-21T15:44:39.055Z [ERROR]: [EXPRESS_ERROR] Not allowed by CORS: https://preview-admid-kzmk5g4xbr4l1farues9.vusercontent.net | reqId=undefined ip=187.45.42.18 status=500
2026-01-21T15:44:39.174Z [ERROR]: [EXPRESS_ERROR] Not allowed by CORS: https://preview-admid-kzmk5g4xbr4l1farues9.vusercontent.net | reqId=undefined ip=187.45.42.18 status=500
2026-01-21T15:44:46.747Z [ERROR]: [EXPRESS_ERROR] Not allowed by CORS: https://preview-admid-kzmk5g4xbr4l1farues9.vusercontent.net | reqId=undefined ip=187.45.42.18 status=500
2026-01-21T15:45:08.900Z [ERROR]: [EXPRESS_ERROR] Not allowed by CORS: https://preview-admid-kzmk5g4xbr4l1farues9.vusercontent.net | reqId=undefined ip=187.45.42.18 status=500
2026-01-21T15:45:39.050Z [ERROR]: [EXPRESS_ERROR] Not allowed by CORS: https://preview-admid-kzmk5g4xbr4l1farues9.vusercontent.net | reqId=undefined ip=187.45.42.18 status=500
2026-01-21T15:46:35.499Z [ERROR]: [EXPRESS_ERROR] Not allowed by CORS: https://preview-admid-kzmp6s8y8ksxfmpaz2nm.vusercontent.net | reqId=undefined ip=187.45.42.18 status=500
2026-01-21T15:46:35.506Z [ERROR]: [EXPRESS_ERROR] Not allowed by CORS: https://preview-admid-kzmp6s8y8ksxfmpaz2nm.vusercontent.net | reqId=undefined ip=187.45.42.18 status=500
2026-01-21T15:47:46.109Z [INFO]: Comando /id executado por 85hz
2026-01-21T15:47:57.095Z [ERROR]: [EXPRESS_ERROR] Not allowed by CORS: https://preview-admid-kzmp6s8y8ksxfmpaz2nm.vusercontent.net | reqId=undefined ip=187.45.42.18 status=500
2026-01-24T21:02:32.725Z [INFO]: Conectado ao MongoDB com sucesso
2026-01-24T21:02:32.735Z [INFO]: Evento interactionCreate carregado com sucesso
2026-01-24T21:02:32.736Z [INFO]: Evento ready carregado com sucesso
2026-01-24T21:02:32.741Z [INFO]: Comando /ativos carregado com sucesso
2026-01-24T21:02:32.742Z [INFO]: Comando /censura carregado com sucesso
2026-01-24T21:02:32.745Z [INFO]: Comando /id carregado com sucesso
2026-01-24T21:02:32.747Z [INFO]: Comando /chave carregado com sucesso
2026-01-24T21:02:32.748Z [INFO]: Comando /manutencao carregado com sucesso
2026-01-24T21:02:32.750Z [INFO]: Comando /produto carregado com sucesso
2026-01-24T21:02:32.751Z [INFO]: Comando /status carregado com sucesso
2026-01-24T21:02:32.754Z [INFO]: Comando /wipe carregado com sucesso
2026-01-24T21:02:32.771Z [INFO]: API rodando na porta 80
2026-01-24T21:02:33.112Z [INFO]: Bot iniciado com sucesso
2026-01-24T21:02:33.121Z [INFO]: Bot conectado como Safety API#7835
2026-01-24T21:02:33.121Z [INFO]: Guilds: 3 | WS Ping: -1ms
2026-01-24T21:11:16.139Z [ERROR]: [EXPRESS_ERROR] Not allowed by CORS: https://preview-nextjs-app-with-dashboard-kzmgz0q7hzdy76eyb3ot.vusercontent.net | reqId=undefined ip=187.45.42.18 status=500
2026-01-24T21:34:16.723Z [WARN]: [ADMIN_KEYS_CREATE] Created 1 key(s) | reqId=43895e26-c85e-4ab4-a463-6772ec1847cf ip=187.45.42.18 status=200
2026-01-24T22:18:42.467Z [WARN]: [ADMIN_KEYS_CREATE] Created 1 key(s) | reqId=2af01259-9157-4fc2-988f-5f9fde4989c3 ip=187.45.42.18 status=200
2026-01-24T22:20:52.922Z [WARN]: [ADMIN_KEYS_CREATE] Created 1 key(s) | reqId=27ab271d-fc73-4149-98aa-f6c934122243 ip=187.45.42.18 status=200
2026-01-26T22:30:18.110Z [WARN]: [ADMIN_KEYS_CREATE] Created 50 key(s) | reqId=a078e236-5dac-4586-99fe-d1e1061e738a ip=187.45.42.18 status=200
2026-01-26T22:34:49.610Z [WARN]: [ADMIN_KEYS_CREATE] Created 50 key(s) | reqId=4fe651e5-da36-4e01-9fb9-d68eb72c9983 ip=187.45.42.18 status=200
2026-01-26T22:36:29.692Z [WARN]: [ADMIN_KEYS_CREATE] Created 50 key(s) | reqId=246807ea-e68a-40b2-8ea8-a00147036356 ip=187.45.42.18 status=200
2026-01-26T22:38:48.923Z [WARN]: [ADMIN_KEYS_CREATE] Created 1 key(s) | reqId=4d2937b9-9e1d-4913-8942-c7367b5b5892 ip=187.45.42.18 status=200
2026-01-26T22:39:13.884Z [WARN]: [ADMIN_KEYS_CREATE] Created 50 key(s) | reqId=bf490c0a-0c65-4edc-90b1-5727b0d65e25 ip=187.45.42.18 status=200
2026-01-26T23:07:24.105Z [WARN]: [ADMIN_KEYS_CREATE] Created 50 key(s) | reqId=869461f6-bbfa-4d8e-a0f6-e94f1ea9d75f ip=187.45.42.18 status=200
2026-01-26T23:08:58.847Z [WARN]: [ADMIN_KEYS_CREATE] Created 50 key(s) | reqId=3bfa6d6b-5c39-4a59-889d-01449640cd15 ip=187.45.42.18 status=200
2026-01-26T23:11:27.713Z [WARN]: [ADMIN_KEYS_CREATE] Created 1 key(s) | reqId=74b9456f-2186-4b25-b514-c14fc1c000cd ip=187.45.42.18 status=200
2026-01-26T23:12:03.702Z [WARN]: [ADMIN_KEYS_CREATE] Created 50 key(s) | reqId=53e3f91d-ab7c-40e5-94d7-98f1bd358dd2 ip=187.45.42.18 status=200
2026-01-26T23:13:40.039Z [WARN]: [ADMIN_KEYS_CREATE] Created 50 key(s) | reqId=b4fbbd15-9872-453e-9201-13dcdff783e9 ip=187.45.42.18 status=200
2026-01-27T06:18:13.208Z [WARN]: [ADMIN_PRODUCT_CREATE] Product created | reqId=6e55193d-b453-4c1c-b6c0-317812f0532b ip=187.45.42.18 status=200
2026-01-27T06:18:26.339Z [WARN]: [ADMIN_KEYS_CREATE] Created 1 key(s) | reqId=161e003f-d1e4-4e0b-951e-01eaf7a6805f ip=187.45.42.18 status=200
2026-01-27T06:21:07.630Z [WARN]: [ADMIN_KEYS_CREATE] Created 1 key(s) | reqId=15fcbbb0-32ad-4913-834f-ae5cdad943b3 ip=187.45.42.18 status=200
2026-01-27T06:22:44.539Z [INFO]: Comando /id executado por 85hz
2026-01-27T06:23:04.070Z [INFO]: Comando /id executado por 85hz
2026-01-27T06:23:21.788Z [INFO]: Comando /id executado por 85hz
2026-01-27T06:23:27.767Z [INFO]: Comando /id executado por 85hz
2026-01-27T06:24:41.333Z [INFO]: Conectado ao MongoDB com sucesso
2026-01-27T06:24:41.349Z [INFO]: Evento interactionCreate carregado com sucesso
2026-01-27T06:24:41.351Z [INFO]: Evento ready carregado com sucesso
2026-01-27T06:24:41.357Z [INFO]: Comando /ativos carregado com sucesso
2026-01-27T06:24:41.359Z [INFO]: Comando /censura carregado com sucesso
2026-01-27T06:24:41.362Z [INFO]: Comando /id carregado com sucesso
2026-01-27T06:24:41.365Z [INFO]: Comando /chave carregado com sucesso
2026-01-27T06:24:41.366Z [INFO]: Comando /manutencao carregado com sucesso
2026-01-27T06:24:41.368Z [INFO]: Comando /produto carregado com sucesso
2026-01-27T06:24:41.369Z [INFO]: Comando /status carregado com sucesso
2026-01-27T06:24:41.373Z [INFO]: Comando /wipe carregado com sucesso
2026-01-27T06:24:41.394Z [INFO]: API rodando na porta 80
2026-01-27T06:24:41.723Z [INFO]: Bot iniciado com sucesso
2026-01-27T06:24:41.755Z [INFO]: Bot conectado como Safety API#7835
2026-01-27T06:24:41.755Z [INFO]: Guilds: 3 | WS Ping: -1ms
2026-01-27T06:26:27.366Z [WARN]: [DISCORD_PROFILE_FETCH_FAIL] Discord API 400: {"message": "Invalid Form Body", "code": 50035, "errors": {"user_id": {"_errors": [{"code": "NUMBER_TYPE_COERCE", "message": "Value \"TIKTOK-D1BSE0-799CFN-GYD\" is not snowflake."}]}}} | reqId=4167df64-b50e-49c7-b91d-9fd21581eaf1 ip=187.45.42.18 status=200
2026-01-27T06:26:27.498Z [INFO]: [AUTH_FIRST_LINK] Primeiro uso: vinculou hwid + discord | reqId=4167df64-b50e-49c7-b91d-9fd21581eaf1 ip=187.45.42.18 status=200
2026-01-27T06:26:27.679Z [WARN]: [DISCORD_PROFILE_SYNC_FAIL] Falhou ao sincronizar perfil do Discord (primeiro login) | reqId=4167df64-b50e-49c7-b91d-9fd21581eaf1 ip=187.45.42.18 status=200
2026-01-27T06:26:27.803Z [INFO]: [AUTH_SUCCESS] Login autorizado | reqId=4167df64-b50e-49c7-b91d-9fd21581eaf1 ip=187.45.42.18 status=200
2026-01-27T06:31:54.749Z [WARN]: [ADMIN_KEYS_CREATE] Created 1 key(s) | reqId=026ed76f-27bc-4908-85b3-4a85b818072d ip=187.45.42.18 status=200
2026-01-27T06:32:03.511Z [INFO]: [AUTH_FIRST_LINK] Primeiro uso: vinculou hwid + discord | reqId=9eecd2dd-211c-4461-87dc-32fc25e9cd13 ip=187.45.42.18 status=200
2026-01-27T06:32:03.753Z [INFO]: [AUTH_SUCCESS] Login autorizado | reqId=9eecd2dd-211c-4461-87dc-32fc25e9cd13 ip=187.45.42.18 status=200
2026-01-27T06:33:58.441Z [INFO]: Comando /id executado por 85hz
2026-01-27T06:34:27.946Z [WARN]: [ADMIN_KEYS_CREATE] Created 1 key(s) | reqId=3ca8aaca-da4c-43f0-a0f3-ae537384b00d ip=187.45.42.18 status=200
2026-01-27T06:34:43.334Z [INFO]: [AUTH_FIRST_LINK] Primeiro uso: vinculou hwid + discord | reqId=33fd1bda-f5d9-4f2b-ae6a-fc901a263d88 ip=187.45.42.18 status=200
2026-01-27T06:34:43.576Z [INFO]: [AUTH_SUCCESS] Login autorizado | reqId=33fd1bda-f5d9-4f2b-ae6a-fc901a263d88 ip=187.45.42.18 status=200
2026-01-27T06:39:06.020Z [INFO]: [AUTH_SUCCESS] Login autorizado | reqId=0d2853d9-fa25-4c3c-b946-783a41baf0e1 ip=187.45.42.18 status=200
2026-01-27T07:13:37.541Z [WARN]: [ADMIN_KEYS_CREATE] Created 1 key(s) | reqId=31007d83-fbe8-4102-8a77-1d38b77edfc3 ip=187.45.42.18 status=200
2026-01-27T07:14:35.054Z [INFO]: [AUTH_SUCCESS] Login autorizado | reqId=3a49733c-cc8a-4226-b039-6477acf40b1f ip=187.45.42.18 status=200
2026-02-03T03:19:38.468Z [INFO]: [AUTH_SUCCESS] Login autorizado | reqId=3b160dae-5816-4028-b083-91a5929ce3b7 ip=179.189.208.55 status=200
2026-02-03T03:25:33.351Z [WARN]: [ADMIN_KEYS_CREATE] Created 1 key(s) | reqId=98ef1454-fda4-43d0-9114-718dc43a9e58 ip=179.189.208.55 status=200
2026-02-03T03:26:12.610Z [INFO]: [AUTH_FIRST_LINK] Primeiro uso: vinculou hwid + discord | reqId=7e75579f-d1c0-4622-981b-63337670c234 ip=2804:61c0:b8a:8400:1c56:25fe:1222:6168 status=200
2026-02-03T03:26:12.853Z [INFO]: [AUTH_SUCCESS] Login autorizado | reqId=7e75579f-d1c0-4622-981b-63337670c234 ip=2804:61c0:b8a:8400:1c56:25fe:1222:6168 status=200
2026-02-03T03:30:59.657Z [WARN]: [AUTH_HWID_MISMATCH] HWID divergente | reqId=a50e3e9c-caee-4fe3-9601-c16efe50ee60 ip=2804:61c0:b8a:8400:1c56:25fe:1222:6168 status=401
2026-02-03T03:31:17.069Z [WARN]: [AUTH_HWID_MISMATCH] HWID divergente | reqId=dc4caf4f-da94-4dd2-921c-e16a9eaa033e ip=2804:61c0:b8a:8400:1c56:25fe:1222:6168 status=401
2026-02-03T03:32:10.254Z [INFO]: Comando /chave executado por 85hz
2026-02-03T03:32:17.445Z [INFO]: [AUTH_FIRST_LINK] Primeiro uso: vinculou hwid + discord | reqId=ad8a089e-df4b-4db0-8adb-0498991eb018 ip=2804:61c0:b8a:8400:1c56:25fe:1222:6168 status=200
2026-02-03T03:32:17.687Z [INFO]: [AUTH_SUCCESS] Login autorizado | reqId=ad8a089e-df4b-4db0-8adb-0498991eb018 ip=2804:61c0:b8a:8400:1c56:25fe:1222:6168 status=200
2026-02-03T03:41:42.951Z [INFO]: [AUTH_SUCCESS] Login autorizado | reqId=a198a4f5-c4b4-4819-ba6e-66444328d5f8 ip=2804:61c0:b8a:8400:c073:c200:9765:793d status=200
2026-02-03T03:52:48.833Z [WARN]: [AUTH_HWID_MISMATCH] HWID divergente | reqId=4d9851d5-231f-4099-9cbc-2e24a042fe19 ip=2804:61c0:b8a:8400:f9d6:893a:205f:50a status=401
2026-02-03T03:53:08.664Z [INFO]: Comando /chave executado por 85hz
2026-02-03T03:53:16.855Z [INFO]: [AUTH_FIRST_LINK] Primeiro uso: vinculou hwid + discord | reqId=8ab5f442-fa74-46dd-a0eb-8345f87fe307 ip=2804:61c0:b8a:8400:f9d6:893a:205f:50a status=200
2026-02-03T03:53:17.098Z [INFO]: [AUTH_SUCCESS] Login autorizado | reqId=8ab5f442-fa74-46dd-a0eb-8345f87fe307 ip=2804:61c0:b8a:8400:f9d6:893a:205f:50a status=200
2026-02-04T14:45:41.073Z [WARN]: ready.refreshStats falhou: connection <monitor> to 159.41.49.248:27017 timed out
2026-02-04T14:57:51.608Z [WARN]: ready.refreshStats falhou: connection <monitor> to 159.41.49.232:27017 timed out
2026-02-05T05:03:13.317Z [WARN]: ready.refreshStats falhou: connection <monitor> to 159.41.49.232:27017 timed out
2026-02-06T05:07:30.862Z [WARN]: ready.refreshStats falhou: connection <monitor> to 159.41.49.232:27017 timed out
2026-02-06T20:18:18.110Z [WARN]: [ADMIN_PRODUCT_HWID_LOCK] Product HWID lock = OFF | reqId=5ac2a660-7664-46cb-9314-b3f532cf6d38 ip=179.189.208.55 status=200
2026-02-06T20:18:20.911Z [WARN]: [ADMIN_PRODUCT_HWID_LOCK] Product HWID lock = ON | reqId=8921d7ea-0b6f-46bc-b38e-a888f9d18c35 ip=179.189.208.55 status=200
2026-02-06T23:00:55.285Z [INFO]: [AUTH_SUCCESS] Login autorizado | reqId=1175a743-0cef-49c8-ba3e-1cdb10a33d9f ip=179.189.208.55 status=200
2026-02-07T03:04:57.290Z [INFO]: [AUTH_SUCCESS] Login autorizado | reqId=6e83e02e-3537-46da-818e-66296fbc624d ip=179.189.208.55 status=200
2026-02-07T15:18:49.163Z [INFO]: [AUTH_SUCCESS] Login autorizado | reqId=68acbe45-4cca-4871-a19a-6f2004535532 ip=179.189.208.55 status=200
2026-02-07T15:20:37.616Z [WARN]: [AUTH_DISCORD_MISMATCH] discordId não bate com usedBy | reqId=7d327db4-04b8-4105-a6fa-9e678fd01a40 ip=179.189.208.55 status=401
2026-02-07T15:20:42.881Z [INFO]: [AUTH_SUCCESS] Login autorizado | reqId=05d2f472-fb08-4f43-acb8-13454648f360 ip=179.189.208.55 status=200
2026-02-07T15:26:29.558Z [INFO]: [AUTH_SUCCESS] Login autorizado | reqId=ab2f77e5-908f-43e6-82b5-f4a080234cd7 ip=179.189.208.55 status=200
2026-02-07T15:33:24.621Z [INFO]: [AUTH_SUCCESS] Login autorizado | reqId=a000cf79-8db5-4a22-9c28-caa4eddadf6a ip=179.189.208.55 status=200
2026-02-07T15:36:33.488Z [INFO]: [AUTH_SUCCESS] Login autorizado | reqId=95501da2-0715-4b49-980d-12e2560c1bef ip=179.189.208.55 status=200
2026-02-07T15:43:14.132Z [WARN]: [ADMIN_KEYS_CREATE] Created 1 key(s) | reqId=96bdd8a0-fabd-43df-911c-5840ac09aa9c ip=179.189.208.55 status=200
2026-02-07T19:15:44.722Z [WARN]: [DISCORD_PROFILE_FETCH_FAIL] Discord API 400: {"message": "Invalid Form Body", "code": 50035, "errors": {"user_id": {"_errors": [{"code": "NUMBER_TYPE_COERCE", "message": "Value \"gulano\" is not snowflake."}]}}} | reqId=03602412-f348-497a-9f09-27dd89d5ed5a ip=45.184.31.142 status=200
2026-02-07T19:15:44.886Z [INFO]: [AUTH_FIRST_LINK] Primeiro uso: vinculou hwid + discord | reqId=03602412-f348-497a-9f09-27dd89d5ed5a ip=45.184.31.142 status=200
2026-02-07T19:15:45.077Z [WARN]: [DISCORD_PROFILE_SYNC_FAIL] Falhou ao sincronizar perfil do Discord (primeiro login) | reqId=03602412-f348-497a-9f09-27dd89d5ed5a ip=45.184.31.142 status=200
2026-02-07T19:15:45.217Z [INFO]: [AUTH_SUCCESS] Login autorizado | reqId=03602412-f348-497a-9f09-27dd89d5ed5a ip=45.184.31.142 status=200
2026-02-07T19:29:16.728Z [WARN]: [AUTH_HWID_MISMATCH] HWID divergente | reqId=762b204b-1d89-4519-bcbd-40995185cd46 ip=45.184.31.142 status=401
2026-02-07T22:24:36.727Z [INFO]: [AUTH_SUCCESS] Login autorizado | reqId=0c6f1685-90eb-4e78-980a-26288f2a242d ip=179.189.208.55 status=200
2026-02-07T22:26:42.877Z [WARN]: [ADMIN_KEYS_CREATE] Created 1 key(s) | reqId=ed37af3b-ebbc-49b7-98df-583d23f4fbd3 ip=179.189.208.55 status=200
2026-02-07T22:28:32.904Z [WARN]: [DISCORD_PROFILE_FETCH_FAIL] Discord API 400: {"message": "Invalid Form Body", "code": 50035, "errors": {"user_id": {"_errors": [{"code": "NUMBER_TYPE_COERCE", "message": "Value \"FALL-1GQ885-6TO9U1-IP9\" is not snowflake."}]}}} | reqId=9147ce89-fd4e-4c44-9849-5a8d4ba353cf ip=2804:79d4:9200:10c:f8b0:6fc6:fa83:e732 status=200
2026-02-07T22:28:33.051Z [INFO]: [AUTH_FIRST_LINK] Primeiro uso: vinculou hwid + discord | reqId=9147ce89-fd4e-4c44-9849-5a8d4ba353cf ip=2804:79d4:9200:10c:f8b0:6fc6:fa83:e732 status=200
2026-02-07T22:28:33.253Z [WARN]: [DISCORD_PROFILE_SYNC_FAIL] Falhou ao sincronizar perfil do Discord (primeiro login) | reqId=9147ce89-fd4e-4c44-9849-5a8d4ba353cf ip=2804:79d4:9200:10c:f8b0:6fc6:fa83:e732 status=200
2026-02-07T22:28:33.394Z [INFO]: [AUTH_SUCCESS] Login autorizado | reqId=9147ce89-fd4e-4c44-9849-5a8d4ba353cf ip=2804:79d4:9200:10c:f8b0:6fc6:fa83:e732 status=200
2026-02-15T03:44:15.949Z [INFO]: [AUTH_SUCCESS] Login autorizado | reqId=0b33ddf0-c395-4eba-800b-3fc77275edf9 ip=187.45.37.127 status=200
2026-02-15T04:20:41.964Z [INFO]: [AUTH_SUCCESS] Login autorizado | reqId=33ddab56-e789-4c51-8166-9fd4b8cd4145 ip=187.45.37.127 status=200
2026-02-15T04:25:22.470Z [INFO]: [AUTH_SUCCESS] Login autorizado | reqId=cb04ae92-210b-4c5c-a3d6-3d23dbbf11b1 ip=187.45.37.127 status=200
2026-02-15T04:31:24.040Z [INFO]: [AUTH_SUCCESS] Login autorizado | reqId=66ac7ff3-050d-4dad-8d58-0e86626b2333 ip=187.45.37.127 status=200
2026-02-15T04:48:27.953Z [INFO]: [AUTH_SUCCESS] Login autorizado | reqId=d264d354-057b-4908-a19f-b7247338c4ba ip=187.45.37.127 status=200
2026-02-15T05:04:44.616Z [WARN]: [AUTH_DISCORD_MISMATCH] discordId não bate com usedBy | reqId=0143b2b2-eca9-4117-84f7-e62f2dd7689d ip=187.45.37.127 status=401
2026-02-15T05:07:58.236Z [INFO]: [AUTH_SUCCESS] Login autorizado | reqId=609b2add-21cd-4aea-b157-21312b616550 ip=187.45.37.127 status=200
2026-02-15T05:14:51.024Z [INFO]: [AUTH_SUCCESS] Login autorizado | reqId=369e17b9-81c3-4aed-a58e-6f750faf1760 ip=187.45.37.127 status=200
2026-02-15T05:21:16.726Z [INFO]: [AUTH_SUCCESS] Login autorizado | reqId=ad51b04d-9a0b-4626-9f99-35a2dcd86356 ip=187.45.37.127 status=200
2026-02-15T05:30:43.952Z [INFO]: [AUTH_SUCCESS] Login autorizado | reqId=895833cb-4f6f-40b9-86f8-752223e49a6a ip=187.45.37.127 status=200
2026-02-15T06:03:02.535Z [INFO]: Conectado ao MongoDB com sucesso
2026-02-15T06:03:02.547Z [INFO]: Evento interactionCreate carregado com sucesso
2026-02-15T06:03:02.548Z [INFO]: Evento ready carregado com sucesso
2026-02-15T06:03:02.554Z [INFO]: Comando /ativos carregado com sucesso
2026-02-15T06:03:02.555Z [INFO]: Comando /censura carregado com sucesso
2026-02-15T06:03:02.558Z [INFO]: Comando /id carregado com sucesso
2026-02-15T06:03:02.562Z [INFO]: Comando /chave carregado com sucesso
2026-02-15T06:03:02.563Z [INFO]: Comando /manutencao carregado com sucesso
2026-02-15T06:03:02.565Z [INFO]: Comando /produto carregado com sucesso
2026-02-15T06:03:02.567Z [INFO]: Comando /status carregado com sucesso
2026-02-15T06:03:02.593Z [INFO]: Comando /update-mod carregado com sucesso
2026-02-15T06:03:02.596Z [INFO]: Comando /wipe carregado com sucesso
2026-02-15T06:03:02.631Z [INFO]: API rodando na porta 80
2026-02-15T06:03:03.237Z [INFO]: Bot iniciado com sucesso
2026-02-15T06:03:03.255Z [INFO]: Bot conectado como Safety API#7835
2026-02-15T06:03:03.255Z [INFO]: Guilds: 4 | WS Ping: -1ms
2026-02-15T06:03:59.373Z [INFO]: Comandos registrados com sucesso!
2026-02-15T06:04:12.485Z [INFO]: Conectado ao MongoDB com sucesso
2026-02-15T06:04:12.496Z [INFO]: Evento interactionCreate carregado com sucesso
2026-02-15T06:04:12.497Z [INFO]: Evento ready carregado com sucesso
2026-02-15T06:04:12.502Z [INFO]: Comando /ativos carregado com sucesso
2026-02-15T06:04:12.503Z [INFO]: Comando /censura carregado com sucesso
2026-02-15T06:04:12.505Z [INFO]: Comando /id carregado com sucesso
2026-02-15T06:04:12.508Z [INFO]: Comando /chave carregado com sucesso
2026-02-15T06:04:12.509Z [INFO]: Comando /manutencao carregado com sucesso
2026-02-15T06:04:12.510Z [INFO]: Comando /produto carregado com sucesso
2026-02-15T06:04:12.511Z [INFO]: Comando /status carregado com sucesso
2026-02-15T06:04:12.534Z [INFO]: Comando /update-mod carregado com sucesso
2026-02-15T06:04:12.539Z [INFO]: Comando /wipe carregado com sucesso
2026-02-15T06:04:12.561Z [INFO]: API rodando na porta 80
2026-02-15T06:04:12.917Z [INFO]: Bot iniciado com sucesso
2026-02-15T06:04:12.977Z [INFO]: Bot conectado como Safety API#7835
2026-02-15T06:04:12.978Z [INFO]: Guilds: 4 | WS Ping: -1ms
2026-02-15T06:04:23.518Z [ERROR]: Erro ao atualizar DLL: Invalid Form Body
components[0][UNION_TYPE_CHOICES]: Value of field "type" must be one of (1,).
2026-02-15T06:04:23.581Z [ERROR]: Erro ao executar comando /update-mod: DiscordAPIError[50035]: Invalid Form Body
components[0][UNION_TYPE_CHOICES]: Value of field "type" must be one of (1,).
    at handleErrors (/application/node_modules/@discordjs/rest/dist/index.js:762:13)
    at process.processTicksAndRejections (node:internal/process/task_queues:105:5)
    at async SequentialHandler.runRequest (/application/node_modules/@discordjs/rest/dist/index.js:1163:23)
    at async SequentialHandler.queueRequest (/application/node_modules/@discordjs/rest/dist/index.js:994:14)
    at async _REST.request (/application/node_modules/@discordjs/rest/dist/index.js:1307:22)
    at async InteractionWebhook.editMessage (/application/node_modules/discord.js/src/structures/Webhook.js:351:15)
    at async ChatInputCommandInteraction.editReply (/application/node_modules/discord.js/src/structures/interfaces/InteractionResponses.js:247:17)
    at async Object.execute (/application/events/interactionCreate.js:86:7)
2026-02-15T06:06:18.325Z [INFO]: Conectado ao MongoDB com sucesso
2026-02-15T06:06:18.341Z [INFO]: Evento interactionCreate carregado com sucesso
2026-02-15T06:06:18.342Z [INFO]: Evento ready carregado com sucesso
2026-02-15T06:06:18.348Z [INFO]: Comando /ativos carregado com sucesso
2026-02-15T06:06:18.349Z [INFO]: Comando /censura carregado com sucesso
2026-02-15T06:06:18.352Z [INFO]: Comando /id carregado com sucesso
2026-02-15T06:06:18.356Z [INFO]: Comando /chave carregado com sucesso
2026-02-15T06:06:18.358Z [INFO]: Comando /manutencao carregado com sucesso
2026-02-15T06:06:18.360Z [INFO]: Comando /produto carregado com sucesso
2026-02-15T06:06:18.361Z [INFO]: Comando /status carregado com sucesso
2026-02-15T06:06:18.382Z [INFO]: Comando /update-mod carregado com sucesso
2026-02-15T06:06:18.384Z [INFO]: Comando /wipe carregado com sucesso
2026-02-15T06:06:18.413Z [INFO]: API rodando na porta 80
2026-02-15T06:06:19.150Z [INFO]: Bot iniciado com sucesso
2026-02-15T06:06:19.173Z [INFO]: Bot conectado como Safety API#7835
2026-02-15T06:06:19.174Z [INFO]: Guilds: 4 | WS Ping: -1ms
2026-02-15T06:06:34.557Z [INFO]: DLL RAGE atualizado por 85hz
2026-02-15T06:06:34.689Z [INFO]: Comando /update-mod executado por 85hz
2026-02-15T06:06:52.018Z [INFO]: DLL SAFE atualizado por 85hz
2026-02-15T06:06:52.199Z [INFO]: Comando /update-mod executado por 85hz
2026-02-15T06:11:47.307Z [INFO]: [AUTH_SUCCESS] Login autorizado | reqId=93841ccf-4ed4-4628-8d2f-f5dbd4ea9e61 ip=187.45.37.127 status=200
2026-02-15T06:17:31.602Z [WARN]: [ADMIN_KEYS_CREATE] Created 1 key(s) | reqId=eb8b5249-5337-4451-a728-a54f1041e31d ip=187.45.37.127 status=200
2026-02-15T06:18:40.167Z [WARN]: [ADMIN_KEYS_CREATE] Created 1 key(s) | reqId=34064d9c-1358-4bb8-b66e-7ef35907d6c6 ip=187.45.37.127 status=200
2026-02-15T14:45:09.683Z [INFO]: [AUTH_FIRST_LINK] Primeiro uso: vinculou hwid + discord | reqId=01c7fe50-3eac-44ae-b893-c73b7edadd0d ip=2804:7f0:b982:d1c1:170:bdd3:529d:ad02 status=200
2026-02-15T14:45:09.966Z [INFO]: [AUTH_SUCCESS] Login autorizado | reqId=01c7fe50-3eac-44ae-b893-c73b7edadd0d ip=2804:7f0:b982:d1c1:170:bdd3:529d:ad02 status=200
2026-02-15T14:55:50.007Z [INFO]: [AUTH_SUCCESS] Login autorizado | reqId=e0f5181c-44fd-4359-aced-3f5d53eb8c00 ip=187.45.37.127 status=200
2026-02-15T14:56:29.367Z [INFO]: [AUTH_SUCCESS] Login autorizado | reqId=8ccc115a-8c28-4536-b717-61426845c333 ip=187.45.37.127 status=200
2026-02-15T14:57:08.794Z [INFO]: [AUTH_SUCCESS] Login autorizado | reqId=0b824fbe-a053-4eaf-8ef7-81a7cc64ff2a ip=187.45.37.127 status=200
2026-02-15T15:00:03.373Z [INFO]: [AUTH_SUCCESS] Login autorizado | reqId=65e5908c-98c2-467e-b651-ba194b6ae904 ip=187.45.37.127 status=200
2026-02-15T15:00:43.011Z [INFO]: [AUTH_SUCCESS] Login autorizado | reqId=dddab5da-3a08-4dca-94ba-f710e566aedc ip=187.45.37.127 status=200
2026-02-15T15:13:58.898Z [INFO]: [AUTH_SUCCESS] Login autorizado | reqId=c53df108-f80f-4ec4-9614-62d160b5f519 ip=2804:7f0:b982:d1c1:170:bdd3:529d:ad02 status=200
2026-02-15T15:18:15.272Z [INFO]: [AUTH_SUCCESS] Login autorizado | reqId=57da94aa-a73d-4311-afc3-ca27b8e67a67 ip=2804:7f0:b982:d1c1:170:bdd3:529d:ad02 status=200
2026-02-15T15:18:21.896Z [WARN]: [ADMIN_KEYS_CREATE] Created 1 key(s) | reqId=715cdf6d-5b67-4da4-bab3-8e110e2b6412 ip=187.45.37.127 status=200
2026-02-15T15:19:35.223Z [INFO]: [AUTH_FIRST_LINK] Primeiro uso: vinculou hwid + discord | reqId=4e76908c-9ed8-451a-bd46-f0c854c0c88d ip=177.87.4.18 status=200
2026-02-15T15:19:35.498Z [INFO]: [AUTH_SUCCESS] Login autorizado | reqId=4e76908c-9ed8-451a-bd46-f0c854c0c88d ip=177.87.4.18 status=200
2026-02-15T15:23:41.935Z [INFO]: [AUTH_SUCCESS] Login autorizado | reqId=f1fb4223-1e4e-49d7-a3ce-a6288152e841 ip=177.87.4.18 status=200
2026-02-15T15:26:20.472Z [INFO]: [AUTH_SUCCESS] Login autorizado | reqId=975aaeef-c15c-4f18-bc6b-496ec1526a4f ip=2804:7f0:b982:d1c1:170:bdd3:529d:ad02 status=200
2026-02-15T15:27:59.007Z [INFO]: [AUTH_SUCCESS] Login autorizado | reqId=a69ec6a4-f949-4b2c-9d16-39e5244325d2 ip=177.87.4.18 status=200
2026-02-15T15:42:28.683Z [INFO]: [AUTH_SUCCESS] Login autorizado | reqId=ea047617-46c4-4c09-ba59-b81de42ac527 ip=177.87.4.18 status=200
2026-02-15T15:44:09.798Z [INFO]: [AUTH_SUCCESS] Login autorizado | reqId=307500d9-f6ec-44f2-89c5-0334cb3bcd9c ip=2804:7f0:b982:d1c1:170:bdd3:529d:ad02 status=200
2026-02-15T15:48:57.121Z [INFO]: [AUTH_SUCCESS] Login autorizado | reqId=2b6c900b-ed19-4e50-a444-0f7394b85f45 ip=177.87.4.18 status=200
2026-02-15T15:56:33.549Z [INFO]: [AUTH_SUCCESS] Login autorizado | reqId=465446be-5dae-42b6-b525-2f860223cbc1 ip=177.87.4.18 status=200
2026-02-15T16:01:39.301Z [INFO]: [AUTH_SUCCESS] Login autorizado | reqId=4a728782-ab5a-4fc2-a6f6-e856eaa39044 ip=177.87.4.18 status=200
2026-02-15T16:08:07.068Z [INFO]: [AUTH_SUCCESS] Login autorizado | reqId=afa48110-a55a-40c0-a310-a3abf0ca7ea8 ip=177.87.4.18 status=200
2026-02-15T16:34:44.676Z [INFO]: [AUTH_SUCCESS] Login autorizado | reqId=e6591b4f-4411-4887-a8a8-e011c045598c ip=177.87.4.18 status=200
2026-02-16T02:26:17.397Z [INFO]: [AUTH_SUCCESS] Login autorizado | reqId=bf0851f5-960c-4d7b-ad86-a287b3612edc ip=187.45.37.127 status=200
2026-02-16T02:30:11.562Z [INFO]: [AUTH_SUCCESS] Login autorizado | reqId=914778cf-5318-4809-a017-eb1d26ad5760 ip=187.45.37.127 status=200
2026-02-16T02:31:03.075Z [INFO]: [AUTH_SUCCESS] Login autorizado | reqId=91dc2ad8-aa04-4dc1-950c-37383d25bc57 ip=187.45.37.127 status=200
2026-02-16T02:31:20.459Z [INFO]: [AUTH_SUCCESS] Login autorizado | reqId=7a15c72d-cd88-4749-be8a-9af7d14530c3 ip=187.45.37.127 status=200
2026-02-16T02:32:14.644Z [INFO]: [AUTH_SUCCESS] Login autorizado | reqId=a94f0f14-bead-4fee-8d29-dec6adcd142a ip=187.45.37.127 status=200
2026-02-16T02:43:52.830Z [WARN]: [ADMIN_PRODUCT_CREATE] Product created | reqId=2ba183e8-71ae-4b32-9446-ec0cccf195f1 ip=187.45.37.127 status=200
2026-02-16T02:44:06.764Z [WARN]: [ADMIN_KEYS_CREATE] Created 1 key(s) | reqId=5490ee8d-c4db-4b3c-9383-f7f7c3d4eb93 ip=187.45.37.127 status=200
2026-02-16T03:37:05.844Z [INFO]: [AUTH_SUCCESS] Login autorizado | reqId=f1ed32b3-6821-4981-b2ef-98e85f01dd25 ip=187.45.37.127 status=200
2026-02-16T03:39:48.860Z [INFO]: [AUTH_SUCCESS] Login autorizado | reqId=14c4c602-076d-4d9c-9907-554e9b577f87 ip=187.45.37.127 status=200
2026-02-16T13:28:50.215Z [INFO]: [AUTH_FIRST_LINK] Primeiro uso: vinculou hwid + discord | reqId=5fc72200-75ce-429e-b45b-cf2e0d64ae2b ip=2804:1dd4:8d:7800:70e5:6432:3cf7:7735 status=200
2026-02-16T13:28:50.491Z [INFO]: [AUTH_SUCCESS] Login autorizado | reqId=5fc72200-75ce-429e-b45b-cf2e0d64ae2b ip=2804:1dd4:8d:7800:70e5:6432:3cf7:7735 status=200
2026-02-16T13:29:11.531Z [INFO]: [AUTH_SUCCESS] Login autorizado | reqId=b55c8194-029a-4a11-beba-967bcf23594b ip=187.45.37.127 status=200
2026-02-16T13:48:51.781Z [INFO]: [AUTH_SUCCESS] Login autorizado | reqId=3f239e3c-fe52-4489-9352-5951964c0a97 ip=187.45.37.127 status=200
2026-02-16T13:55:17.985Z [INFO]: [AUTH_SUCCESS] Login autorizado | reqId=dea969d9-1b24-4f74-966e-8ba85805154a ip=2804:1dd4:8d:7800:70e5:6432:3cf7:7735 status=200
2026-02-16T15:17:07.717Z [WARN]: [ADMIN_PRODUCT_CREATE] Product created | reqId=cb2d6273-fd83-45e0-92e5-3bbc3cdf7d31 ip=207.248.7.136 status=200
2026-02-17T02:30:21.426Z [INFO]: [AUTH_SUCCESS] Login autorizado | reqId=55267920-5d5a-4465-9674-bceb6701a291 ip=187.45.37.127 status=200
2026-02-18T21:49:38.374Z [INFO]: [AUTH_SUCCESS] Login autorizado | reqId=be0df471-8cc3-43e6-ac4d-ab6ebb178a9f ip=187.45.47.47 status=200
2026-02-19T16:40:51.451Z [INFO]: DLL SAFE atualizado por 85hz
2026-02-19T16:40:51.609Z [INFO]: Comando /update-mod executado por 85hz
2026-02-19T18:19:06.579Z [INFO]: DLL SAFE atualizado por 85hz
2026-02-19T18:19:06.963Z [INFO]: Comando /update-mod executado por 85hz
2026-02-19T18:19:16.037Z [INFO]: DLL RAGE atualizado por 85hz
2026-02-19T18:19:16.205Z [INFO]: Comando /update-mod executado por 85hz
2026-02-19T18:55:30.640Z [INFO]: [AUTH_FIRST_LINK] Primeiro uso: vinculou hwid + discord | reqId=e4c6bddc-c324-4422-899a-9e4f27d7aa30 ip=2804:61c0:b85:ef00:f9be:dcbc:38f4:284d status=200
2026-02-19T18:55:30.924Z [INFO]: [AUTH_SUCCESS] Login autorizado | reqId=e4c6bddc-c324-4422-899a-9e4f27d7aa30 ip=2804:61c0:b85:ef00:f9be:dcbc:38f4:284d status=200
2026-02-19T20:08:19.135Z [INFO]: [AUTH_SUCCESS] Login autorizado | reqId=bd9e19c7-1e8f-4576-8fd4-55e81db33137 ip=2804:61c0:b85:ef00:f9be:dcbc:38f4:284d status=200
2026-02-19T20:15:27.724Z [INFO]: [AUTH_SUCCESS] Login autorizado | reqId=14194501-887a-4ccb-b3e5-475ef0649092 ip=2804:61c0:b85:ef00:f9be:dcbc:38f4:284d status=200
2026-02-19T20:56:42.199Z [INFO]: [AUTH_SUCCESS] Login autorizado | reqId=f63e252a-53d7-45c7-8264-07e9dbe1dffb ip=2804:61c0:b85:ef00:f9be:dcbc:38f4:284d status=200
2026-02-19T21:41:49.695Z [INFO]: [AUTH_SUCCESS] Login autorizado | reqId=b668ce3e-aaed-46fa-bd91-b9a1b9243c16 ip=187.45.47.47 status=200
2026-02-20T02:48:39.516Z [WARN]: [ADMIN_KEYS_CREATE] Created 1 key(s) | reqId=203a3a40-6301-4e3f-8a6b-c62ef6120bab ip=207.248.7.136 status=200
2026-02-20T02:59:29.310Z [WARN]: [DISCORD_PROFILE_FETCH_FAIL] Discord API 400: {"message": "Invalid Form Body", "code": 50035, "errors": {"user_id": {"_errors": [{"code": "NUMBER_TYPE_COERCE", "message": "Value \"overlay\" is not snowflake."}]}}} | reqId=e8e84956-dd2b-4dac-8bb6-a0ea8d625f30 ip=207.248.7.136 status=200
2026-02-20T02:59:29.462Z [INFO]: [AUTH_FIRST_LINK] Primeiro uso: vinculou hwid + discord | reqId=e8e84956-dd2b-4dac-8bb6-a0ea8d625f30 ip=207.248.7.136 status=200
2026-02-20T02:59:29.655Z [WARN]: [DISCORD_PROFILE_SYNC_FAIL] Falhou ao sincronizar perfil do Discord (primeiro login) | reqId=e8e84956-dd2b-4dac-8bb6-a0ea8d625f30 ip=207.248.7.136 status=200
2026-02-20T02:59:29.797Z [INFO]: [AUTH_SUCCESS] Login autorizado | reqId=e8e84956-dd2b-4dac-8bb6-a0ea8d625f30 ip=207.248.7.136 status=200
2026-02-20T03:02:33.794Z [INFO]: [AUTH_SUCCESS] Login autorizado | reqId=0ff6187c-7d26-4432-a1ff-cec6cdc0eb2b ip=207.248.7.136 status=200
2026-02-20T03:25:33.616Z [INFO]: [AUTH_SUCCESS] Login autorizado | reqId=31efb0da-6740-4dc8-bb7a-98409c5d1c3a ip=207.248.7.136 status=200
2026-02-20T04:06:33.331Z [INFO]: [AUTH_SUCCESS] Login autorizado | reqId=8fde77ea-5429-4397-8a07-3a869fee3a72 ip=207.248.7.136 status=200
2026-02-20T04:14:21.831Z [INFO]: [AUTH_SUCCESS] Login autorizado | reqId=8cef9814-9876-4c3c-9358-2cd2b522d5c7 ip=207.248.7.136 status=200
2026-02-20T22:40:40.064Z [INFO]: [AUTH_SUCCESS] Login autorizado | reqId=8283e5d8-2d03-4502-ba34-9b3d4f8880b8 ip=207.248.7.136 status=200
2026-02-20T23:47:52.073Z [WARN]: [ADMIN_KEYS_CREATE] Created 1 key(s) | reqId=dafef287-5876-415e-8270-2f64d176bf2f ip=189.45.29.66 status=200
2026-02-21T01:11:59.150Z [INFO]: [AUTH_SUCCESS] Login autorizado | reqId=675cdd18-8e29-4290-9f5c-aac4e712524c ip=207.248.7.136 status=200
2026-02-21T01:20:04.937Z [INFO]: [AUTH_SUCCESS] Login autorizado | reqId=99d42f6c-db2b-4e33-950b-9acdab88ed1a ip=207.248.7.136 status=200
2026-02-21T01:20:35.525Z [INFO]: [AUTH_SUCCESS] Login autorizado | reqId=63ab44be-d9f6-4f55-8562-59ba19ad13fb ip=207.248.7.136 status=200
2026-02-21T01:21:12.508Z [INFO]: [AUTH_SUCCESS] Login autorizado | reqId=45deaded-b5dc-4117-9bc6-5706b8eee170 ip=207.248.7.136 status=200
2026-02-21T01:38:39.312Z [INFO]: [AUTH_SUCCESS] Login autorizado | reqId=ed378552-2e32-4909-93f8-a9d49a45c24e ip=207.248.7.136 status=200
2026-02-21T02:28:33.974Z [INFO]: [AUTH_SUCCESS] Login autorizado | reqId=2e7d2182-13c5-4903-8c8e-6a9d346c1395 ip=207.248.7.136 status=200
2026-02-21T02:38:45.729Z [WARN]: [DISCORD_PROFILE_FETCH_FAIL] Discord API 400: {"message": "Invalid Form Body", "code": 50035, "errors": {"user_id": {"_errors": [{"code": "NUMBER_TYPE_COERCE", "message": "Value \"overlay\" is not snowflake."}]}}} | reqId=1d6b3bcc-9e00-4151-b9e3-d58efa0d45cd ip=207.248.7.136 status=200
2026-02-21T02:38:45.872Z [INFO]: [AUTH_FIRST_LINK] Primeiro uso: vinculou hwid + discord | reqId=1d6b3bcc-9e00-4151-b9e3-d58efa0d45cd ip=207.248.7.136 status=200
2026-02-21T02:38:46.149Z [WARN]: [DISCORD_PROFILE_SYNC_FAIL] Falhou ao sincronizar perfil do Discord (primeiro login) | reqId=1d6b3bcc-9e00-4151-b9e3-d58efa0d45cd ip=207.248.7.136 status=200
2026-02-21T02:38:46.287Z [INFO]: [AUTH_SUCCESS] Login autorizado | reqId=1d6b3bcc-9e00-4151-b9e3-d58efa0d45cd ip=207.248.7.136 status=200
2026-02-21T02:39:22.440Z [INFO]: [AUTH_SUCCESS] Login autorizado | reqId=428d9063-3270-421e-80a9-d15ad7a817c4 ip=207.248.7.136 status=200
2026-02-21T02:40:04.076Z [INFO]: [AUTH_SUCCESS] Login autorizado | reqId=6d6bf6e2-ed66-4037-b6b2-e01648394d4c ip=207.248.7.136 status=200
2026-02-21T02:44:17.804Z [INFO]: [AUTH_SUCCESS] Login autorizado | reqId=aef5c735-9fb6-4401-99c4-05cc3c225b15 ip=207.248.7.136 status=200
2026-02-21T02:45:43.205Z [INFO]: [AUTH_SUCCESS] Login autorizado | reqId=7e5649bf-564b-4a7d-88e3-5867d85103b5 ip=207.248.7.136 status=200
2026-02-21T02:50:20.826Z [INFO]: [AUTH_SUCCESS] Login autorizado | reqId=7b538ad5-fae2-481f-b679-8a21f43bcbec ip=207.248.7.136 status=200
2026-02-21T02:51:05.655Z [INFO]: [AUTH_SUCCESS] Login autorizado | reqId=781d0233-28e8-4913-99b1-7f3de8eae3a6 ip=207.248.7.136 status=200
2026-02-21T02:57:31.152Z [WARN]: [ADMIN_KEYS_CREATE] Created 2 key(s) | reqId=bdf1651e-7a6d-4b06-aaae-3612f43ebb7a ip=207.248.7.136 status=200
2026-02-21T02:58:12.861Z [WARN]: [DISCORD_PROFILE_FETCH_FAIL] Discord API 400: {"message": "Invalid Form Body", "code": 50035, "errors": {"user_id": {"_errors": [{"code": "NUMBER_TYPE_COERCE", "message": "Value \"overlay\" is not snowflake."}]}}} | reqId=4b94cc69-b72e-4a9b-92a9-94667b8c9b87 ip=2804:14d:3280:4e23:cfe:87d:8339:e585 status=200
2026-02-21T02:58:13.007Z [INFO]: [AUTH_FIRST_LINK] Primeiro uso: vinculou hwid + discord | reqId=4b94cc69-b72e-4a9b-92a9-94667b8c9b87 ip=2804:14d:3280:4e23:cfe:87d:8339:e585 status=200
2026-02-21T02:58:13.200Z [WARN]: [DISCORD_PROFILE_SYNC_FAIL] Falhou ao sincronizar perfil do Discord (primeiro login) | reqId=4b94cc69-b72e-4a9b-92a9-94667b8c9b87 ip=2804:14d:3280:4e23:cfe:87d:8339:e585 status=200
2026-02-21T02:58:13.337Z [INFO]: [AUTH_SUCCESS] Login autorizado | reqId=4b94cc69-b72e-4a9b-92a9-94667b8c9b87 ip=2804:14d:3280:4e23:cfe:87d:8339:e585 status=200
2026-02-21T02:59:26.708Z [INFO]: [AUTH_SUCCESS] Login autorizado | reqId=b8eb912b-39c6-4fcb-b0c8-511e9342fa00 ip=2804:14d:3280:4e23:cfe:87d:8339:e585 status=200
2026-02-21T02:59:30.545Z [WARN]: [DISCORD_PROFILE_FETCH_FAIL] Discord API 400: {"message": "Invalid Form Body", "code": 50035, "errors": {"user_id": {"_errors": [{"code": "NUMBER_TYPE_COERCE", "message": "Value \"overlay\" is not snowflake."}]}}} | reqId=501ca973-d592-4a0f-839b-480b48c6b7d6 ip=2804:14d:328c:4f82:8068:88c8:e3b8:db30 status=200
2026-02-21T02:59:30.687Z [INFO]: [AUTH_FIRST_LINK] Primeiro uso: vinculou hwid + discord | reqId=501ca973-d592-4a0f-839b-480b48c6b7d6 ip=2804:14d:328c:4f82:8068:88c8:e3b8:db30 status=200
2026-02-21T02:59:30.884Z [WARN]: [DISCORD_PROFILE_SYNC_FAIL] Falhou ao sincronizar perfil do Discord (primeiro login) | reqId=501ca973-d592-4a0f-839b-480b48c6b7d6 ip=2804:14d:328c:4f82:8068:88c8:e3b8:db30 status=200
2026-02-21T02:59:31.022Z [INFO]: [AUTH_SUCCESS] Login autorizado | reqId=501ca973-d592-4a0f-839b-480b48c6b7d6 ip=2804:14d:328c:4f82:8068:88c8:e3b8:db30 status=200
2026-02-21T03:08:10.721Z [INFO]: [AUTH_SUCCESS] Login autorizado | reqId=fe457b39-5357-4df1-a9df-33ebafdf1c90 ip=2804:14d:3280:4e23:cfe:87d:8339:e585 status=200
2026-02-21T03:08:59.604Z [INFO]: [AUTH_SUCCESS] Login autorizado | reqId=6855579c-98c7-4e7d-aa42-7a7e2c585a78 ip=2804:14d:3280:4e23:cfe:87d:8339:e585 status=200
2026-02-21T03:15:10.228Z [INFO]: [AUTH_SUCCESS] Login autorizado | reqId=ad218186-2574-463c-8b87-7ecc000dbce9 ip=187.45.47.47 status=200
2026-02-21T03:17:13.664Z [WARN]: [ADMIN_PRODUCT_CREATE] Product created | reqId=fe1a8778-1ed0-482f-8668-9d2503890bc1 ip=187.45.47.47 status=200
2026-02-21T03:17:25.447Z [WARN]: [ADMIN_KEYS_CREATE] Created 1 key(s) | reqId=e572ce13-37ac-44c8-ba8e-c515e82599cb ip=187.45.47.47 status=200
2026-02-21T03:19:03.991Z [INFO]: [AUTH_SUCCESS] Login autorizado | reqId=24f2d528-aa14-4c7f-a1c2-94b7a03700ad ip=187.45.47.47 status=200
2026-02-21T03:24:47.163Z [INFO]: [AUTH_SUCCESS] Login autorizado | reqId=8a07fd90-d194-4917-ae42-3ced06ae6118 ip=187.45.47.47 status=200
2026-02-21T03:25:09.734Z [INFO]: [AUTH_SUCCESS] Login autorizado | reqId=2b4fdc25-cc59-405a-9e97-718902f275d3 ip=2804:14d:328c:4f82:8068:88c8:e3b8:db30 status=200
2026-02-21T03:26:44.963Z [INFO]: [AUTH_SUCCESS] Login autorizado | reqId=cec4c824-3f75-4a70-a159-e4f1e01e1a8e ip=2804:14d:328c:4f82:8068:88c8:e3b8:db30 status=200
2026-02-21T03:26:56.114Z [WARN]: [ADMIN_KEYS_CREATE] Created 1 key(s) | reqId=d1308127-feeb-498c-9166-8e6a684cb818 ip=187.45.47.47 status=200
2026-02-21T03:27:14.904Z [WARN]: [ADMIN_KEYS_CREATE] Created 1 key(s) | reqId=11cd9625-fd84-4f5e-ae81-e5bd644a472e ip=187.45.47.47 status=200
2026-02-21T03:35:07.292Z [INFO]: [AUTH_FIRST_LINK] Primeiro uso: vinculou hwid + discord | reqId=126d7f5f-3655-47a8-8232-4c249c26e3a9 ip=177.87.14.56 status=200
2026-02-21T03:35:07.576Z [INFO]: [AUTH_SUCCESS] Login autorizado | reqId=126d7f5f-3655-47a8-8232-4c249c26e3a9 ip=177.87.14.56 status=200
2026-02-21T04:00:05.179Z [INFO]: [AUTH_FIRST_LINK] Primeiro uso: vinculou hwid + discord | reqId=e1c1e097-2a29-44b7-8f1c-e93880bbf326 ip=187.45.41.233 status=200
2026-02-21T04:00:05.461Z [INFO]: [AUTH_SUCCESS] Login autorizado | reqId=e1c1e097-2a29-44b7-8f1c-e93880bbf326 ip=187.45.41.233 status=200
2026-02-21T04:12:24.467Z [INFO]: [AUTH_SUCCESS] Login autorizado | reqId=2cce6d16-e806-4e72-a473-2b3205cc9c91 ip=177.87.14.56 status=200
2026-02-21T04:17:47.046Z [INFO]: [AUTH_SUCCESS] Login autorizado | reqId=6db06ece-e0fc-463d-b437-4f6a0fdb6535 ip=2804:14d:3280:4e23:cfe:87d:8339:e585 status=200
2026-02-21T04:20:52.564Z [INFO]: [AUTH_SUCCESS] Login autorizado | reqId=60cc3b89-d60c-47b3-9c28-6b0a0dc98eb9 ip=177.87.14.56 status=200
2026-02-21T04:23:57.515Z [INFO]: [AUTH_SUCCESS] Login autorizado | reqId=c7d91b24-40ce-483d-b80a-1107c684fa8f ip=187.45.41.233 status=200
2026-02-21T04:33:01.478Z [INFO]: [AUTH_SUCCESS] Login autorizado | reqId=c4ed8fac-a9be-4498-b58f-417beddb08a4 ip=2804:14d:3280:4e23:cfe:87d:8339:e585 status=200
2026-02-21T05:14:03.275Z [INFO]: [AUTH_SUCCESS] Login autorizado | reqId=f5f9c320-e40d-4334-8b0d-75bf59c83294 ip=2804:14d:3280:4e23:cfe:87d:8339:e585 status=200
2026-02-21T05:36:38.428Z [INFO]: [AUTH_SUCCESS] Login autorizado | reqId=9c60ea6d-c1cc-4c0c-bbe1-a1ab99115eca ip=2804:14d:328c:4f82:8068:88c8:e3b8:db30 status=200
2026-02-21T05:51:45.307Z [INFO]: [AUTH_SUCCESS] Login autorizado | reqId=c1861261-4492-47af-a57d-907da8c0cd17 ip=2804:14d:3280:4e23:cfe:87d:8339:e585 status=200
2026-02-21T14:53:42.249Z [INFO]: [AUTH_SUCCESS] Login autorizado | reqId=4216ddf5-4cec-4c55-ad11-3ecb2c6aabd2 ip=187.45.47.47 status=200
2026-02-21T14:59:43.452Z [INFO]: [AUTH_SUCCESS] Login autorizado | reqId=9091e16a-0756-482f-b4de-b83e9ad819cb ip=187.45.47.47 status=200
2026-02-21T15:55:41.400Z [INFO]: [AUTH_SUCCESS] Login autorizado | reqId=53dbbd5c-a0b8-41c9-9ee5-644f42beb53d ip=177.87.14.56 status=200
2026-02-21T16:51:06.710Z [WARN]: [AUTH_DISCORD_MISMATCH] discordId não bate com usedBy | reqId=b2914418-77d9-4730-bbdd-c7b9c5a71b59 ip=181.220.62.246 status=401
2026-02-21T16:51:10.716Z [WARN]: [AUTH_DISCORD_MISMATCH] discordId não bate com usedBy | reqId=74fd4767-5546-4a90-9655-da30a26834bd ip=181.220.62.246 status=401
2026-02-21T16:54:33.220Z [WARN]: [AUTH_DISCORD_MISMATCH] discordId não bate com usedBy | reqId=47c08082-1d9c-4fad-a81f-e4d603ecfeef ip=181.220.62.246 status=401
2026-02-21T16:58:37.762Z [WARN]: [AUTH_DISCORD_MISMATCH] discordId não bate com usedBy | reqId=09ac22f8-85bf-4cde-a851-a442730721c8 ip=181.220.62.246 status=401
2026-02-21T18:08:01.396Z [WARN]: [ADMIN_KEYS_CREATE] Created 1 key(s) | reqId=54966895-7500-45b5-a940-c24618a2d4cb ip=189.45.29.66 status=200
2026-02-21T18:09:32.690Z [INFO]: [AUTH_FIRST_LINK] Primeiro uso: vinculou hwid + discord | reqId=9528e9c1-ecb1-483c-ae8a-2dc74af56a2a ip=181.220.62.246 status=200
2026-02-21T18:09:32.973Z [INFO]: [AUTH_SUCCESS] Login autorizado | reqId=9528e9c1-ecb1-483c-ae8a-2dc74af56a2a ip=181.220.62.246 status=200
2026-02-21T18:26:44.624Z [WARN]: [AUTH_DISCORD_MISMATCH] discordId não bate com usedBy | reqId=06230188-5af4-401a-ad87-f294f65181e0 ip=168.205.142.132 status=401
2026-02-21T18:39:13.469Z [INFO]: [AUTH_SUCCESS] Login autorizado | reqId=80440514-bd94-4fb7-bf14-d9699a6b16f3 ip=181.220.62.246 status=200
2026-02-21T18:43:54.464Z [WARN]: [AUTH_HWID_MISMATCH] HWID divergente | reqId=92f05e3f-b902-4339-90d0-d51fdfb9cac5 ip=168.205.142.132 status=401
2026-02-21T21:52:41.159Z [INFO]: [AUTH_SUCCESS] Login autorizado | reqId=6d873587-624f-442e-a3c2-19995d760815 ip=187.45.47.47 status=200
2026-02-21T23:34:03.970Z [WARN]: [ADMIN_KEYS_CREATE] Created 1 key(s) | reqId=2b09d436-713a-47e5-84e0-1294ed133f9b ip=207.248.7.242 status=200
2026-02-21T23:48:52.474Z [WARN]: [DISCORD_PROFILE_FETCH_FAIL] Discord API 400: {"message": "Invalid Form Body", "code": 50035, "errors": {"user_id": {"_errors": [{"code": "NUMBER_TYPE_COERCE", "message": "Value \"overlay\" is not snowflake."}]}}} | reqId=40169b78-09b8-49e7-a3a0-7d4e71d1cc6c ip=2804:14d:328c:4f82:5038:e6e0:c20:3cb5 status=200
2026-02-21T23:48:52.617Z [INFO]: [AUTH_FIRST_LINK] Primeiro uso: vinculou hwid + discord | reqId=40169b78-09b8-49e7-a3a0-7d4e71d1cc6c ip=2804:14d:328c:4f82:5038:e6e0:c20:3cb5 status=200
2026-02-21T23:48:52.801Z [WARN]: [DISCORD_PROFILE_SYNC_FAIL] Falhou ao sincronizar perfil do Discord (primeiro login) | reqId=40169b78-09b8-49e7-a3a0-7d4e71d1cc6c ip=2804:14d:328c:4f82:5038:e6e0:c20:3cb5 status=200
2026-02-21T23:48:52.940Z [INFO]: [AUTH_SUCCESS] Login autorizado | reqId=40169b78-09b8-49e7-a3a0-7d4e71d1cc6c ip=2804:14d:328c:4f82:5038:e6e0:c20:3cb5 status=200
2026-02-22T00:02:39.111Z [WARN]: [ADMIN_KEYS_CREATE] Created 1 key(s) | reqId=1fb6c3e7-1254-4deb-b534-32149e4b7f3b ip=207.248.7.242 status=200
2026-02-22T00:02:56.951Z [WARN]: [DISCORD_PROFILE_FETCH_FAIL] Discord API 400: {"message": "Invalid Form Body", "code": 50035, "errors": {"user_id": {"_errors": [{"code": "NUMBER_TYPE_COERCE", "message": "Value \"overlay\" is not snowflake."}]}}} | reqId=64cefa75-0530-43f5-bf18-20d8a8c296d4 ip=207.248.7.242 status=200
2026-02-22T00:02:57.096Z [INFO]: [AUTH_FIRST_LINK] Primeiro uso: vinculou hwid + discord | reqId=64cefa75-0530-43f5-bf18-20d8a8c296d4 ip=207.248.7.242 status=200
2026-02-22T00:02:57.282Z [WARN]: [DISCORD_PROFILE_SYNC_FAIL] Falhou ao sincronizar perfil do Discord (primeiro login) | reqId=64cefa75-0530-43f5-bf18-20d8a8c296d4 ip=207.248.7.242 status=200
2026-02-22T00:02:57.422Z [INFO]: [AUTH_SUCCESS] Login autorizado | reqId=64cefa75-0530-43f5-bf18-20d8a8c296d4 ip=207.248.7.242 status=200
2026-02-22T14:05:39.470Z [INFO]: [AUTH_FIRST_LINK] Primeiro uso: vinculou hwid + discord | reqId=0e7c1831-e660-4a42-affd-c8550c02daf5 ip=45.172.120.25 status=200
2026-02-22T14:05:39.743Z [INFO]: [AUTH_SUCCESS] Login autorizado | reqId=0e7c1831-e660-4a42-affd-c8550c02daf5 ip=45.172.120.25 status=200
2026-02-22T14:07:13.961Z [INFO]: [AUTH_SUCCESS] Login autorizado | reqId=3ed9720d-0f26-40b9-8995-b705d1f5c54f ip=45.172.120.25 status=200
2026-02-22T14:14:47.521Z [INFO]: [AUTH_SUCCESS] Login autorizado | reqId=86125da8-80a8-4132-a4ed-c08f4e6120cb ip=45.172.120.25 status=200
2026-02-22T16:42:41.609Z [INFO]: [AUTH_SUCCESS] Login autorizado | reqId=f47028cf-bc4e-4b1c-ba2d-ac049076e28a ip=181.220.62.246 status=200
2026-02-22T17:38:20.924Z [INFO]: [AUTH_SUCCESS] Login autorizado | reqId=0fc9bab0-2e95-45a7-8cca-4f6c210a4190 ip=2804:14d:328c:4f82:ad57:7345:1ca:5ca status=200
2026-02-22T19:08:40.288Z [WARN]: [ADMIN_KEYS_CREATE] Created 1 key(s) | reqId=71616532-a772-4b2c-9784-ca04b916dbe0 ip=187.45.47.47 status=200
2026-02-22T19:18:37.621Z [INFO]: [AUTH_FIRST_LINK] Primeiro uso: vinculou hwid + discord | reqId=eaa89a44-4b59-4c94-afdb-2fa38e8d03b9 ip=168.205.142.132 status=200
2026-02-22T19:18:37.899Z [INFO]: [AUTH_SUCCESS] Login autorizado | reqId=eaa89a44-4b59-4c94-afdb-2fa38e8d03b9 ip=168.205.142.132 status=200
2026-02-22T19:24:12.147Z [INFO]: [AUTH_SUCCESS] Login autorizado | reqId=3727c630-0c0a-4f5a-ac02-0a6e652e3681 ip=168.205.142.132 status=200
2026-02-22T19:42:51.201Z [INFO]: [AUTH_SUCCESS] Login autorizado | reqId=8dfb2518-ba28-43a3-a4ff-7783f3e0a9a9 ip=168.205.142.132 status=200
2026-02-22T19:44:12.024Z [INFO]: [AUTH_SUCCESS] Login autorizado | reqId=e67eb5a9-6cd7-4b50-a76f-f0b277795e30 ip=168.205.142.132 status=200
2026-02-22T20:06:17.084Z [INFO]: [AUTH_SUCCESS] Login autorizado | reqId=58b65c31-2c7c-475a-952d-f829104a5506 ip=2804:14d:3280:4e23:14de:fbca:a4d3:4ee5 status=200
2026-02-22T20:21:46.786Z [INFO]: [AUTH_SUCCESS] Login autorizado | reqId=6f80c4ea-8acc-4eda-84ee-a65419d69581 ip=168.205.142.132 status=200
2026-02-22T20:27:57.756Z [INFO]: [AUTH_SUCCESS] Login autorizado | reqId=e2c40bd9-add2-4133-9f3c-0ee88b8a6bda ip=45.172.120.25 status=200
2026-02-22T20:28:25.536Z [INFO]: [AUTH_SUCCESS] Login autorizado | reqId=b7ff04c3-9c41-475c-a0b5-a6406bdaea83 ip=168.205.142.132 status=200
2026-02-22T20:29:16.059Z [INFO]: [AUTH_SUCCESS] Login autorizado | reqId=0c7f1ea1-1c73-42ec-b709-7244e967d4f2 ip=2804:14d:3280:4e23:14de:fbca:a4d3:4ee5 status=200
2026-02-22T20:32:23.170Z [INFO]: [AUTH_SUCCESS] Login autorizado | reqId=dabb62f9-ecbb-4143-b9f4-2af457b5fb26 ip=168.205.142.132 status=200
2026-02-22T20:33:45.125Z [INFO]: [AUTH_SUCCESS] Login autorizado | reqId=f2c8828c-db1d-4edc-9c8a-3efec32faada ip=2804:14d:3280:4e23:14de:fbca:a4d3:4ee5 status=200
2026-02-22T20:35:36.823Z [INFO]: [AUTH_SUCCESS] Login autorizado | reqId=bd1a017a-438c-4ff9-af11-71c1c011e085 ip=2804:14d:3280:4e23:14de:fbca:a4d3:4ee5 status=200
2026-02-22T20:40:25.176Z [INFO]: [AUTH_SUCCESS] Login autorizado | reqId=60c7dc39-14f8-40d5-aded-8747318acd9e ip=2804:14d:3280:4e23:14de:fbca:a4d3:4ee5 status=200
2026-02-22T20:43:05.105Z [INFO]: DLL RAGE atualizado por 85hz
2026-02-22T20:43:05.380Z [INFO]: Comando /update-mod executado por 85hz
2026-02-22T20:44:54.032Z [WARN]: [ADMIN_KEYS_CREATE] Created 1 key(s) | reqId=ef0205ef-8773-41f1-bccd-eef0d4704f02 ip=187.45.47.47 status=200
2026-02-22T20:45:03.089Z [INFO]: [AUTH_FIRST_LINK] Primeiro uso: vinculou hwid + discord | reqId=ec158c28-da4f-46bc-86ee-e135e78b4026 ip=187.45.47.47 status=200
2026-02-22T20:45:03.365Z [INFO]: [AUTH_SUCCESS] Login autorizado | reqId=ec158c28-da4f-46bc-86ee-e135e78b4026 ip=187.45.47.47 status=200
2026-02-22T20:46:50.510Z [INFO]: [AUTH_SUCCESS] Login autorizado | reqId=980c5065-0398-4cc5-9dcf-b068abb41a44 ip=187.45.47.47 status=200
2026-02-22T20:54:01.970Z [INFO]: [AUTH_SUCCESS] Login autorizado | reqId=5664032e-703a-42f1-988a-d7efaa5dfcb5 ip=45.172.120.25 status=200
2026-02-22T20:56:52.212Z [INFO]: DLL RAGE atualizado por 85hz
2026-02-22T20:56:52.360Z [INFO]: Comando /update-mod executado por 85hz
2026-02-22T20:58:31.561Z [INFO]: [AUTH_SUCCESS] Login autorizado | reqId=517ae059-1a6b-40d2-97e7-ef6b49cadc48 ip=187.45.47.47 status=200
2026-02-22T21:01:12.439Z [INFO]: DLL RAGE atualizado por 85hz
2026-02-22T21:01:12.635Z [INFO]: Comando /update-mod executado por 85hz
2026-02-22T21:01:46.459Z [INFO]: [AUTH_SUCCESS] Login autorizado | reqId=4cec3479-3246-4d3c-ac22-27cc88c73c51 ip=187.45.47.47 status=200
2026-02-22T21:03:17.575Z [INFO]: [AUTH_SUCCESS] Login autorizado | reqId=5dae8db3-5d7a-4085-91b2-609d65060869 ip=2804:14d:328c:4f82:d009:4d87:fe2f:9741 status=200
2026-02-22T21:07:06.825Z [INFO]: [AUTH_SUCCESS] Login autorizado | reqId=940d144d-e20d-4cf1-b01c-46243bcb0a7b ip=45.172.120.25 status=200
2026-02-22T21:07:38.569Z [INFO]: DLL RAGE atualizado por 85hz
2026-02-22T21:07:38.747Z [INFO]: Comando /update-mod executado por 85hz
2026-02-22T21:13:24.378Z [INFO]: [AUTH_SUCCESS] Login autorizado | reqId=c1e67bd1-6e46-473d-9115-24700da25fef ip=187.45.47.47 status=200
2026-02-22T21:39:23.495Z [INFO]: [AUTH_SUCCESS] Login autorizado | reqId=4e90b72d-6b6b-4351-940e-a5955a84e20c ip=187.45.47.47 status=200
2026-02-22T21:48:52.591Z [INFO]: [AUTH_SUCCESS] Login autorizado | reqId=a7c88ec6-7f5b-47f5-a86e-8ca61c94af2c ip=168.205.142.132 status=200
2026-02-22T21:54:07.425Z [INFO]: [AUTH_SUCCESS] Login autorizado | reqId=fd98793d-bee1-4a40-bf32-ad735effc8bd ip=168.205.142.132 status=200
2026-02-22T21:54:22.582Z [WARN]: [ADMIN_KEYS_CREATE] Created 1 key(s) | reqId=d83b90c6-73c4-46ae-bea2-123e61692f3d ip=187.45.47.47 status=200
2026-02-22T21:54:44.121Z [WARN]: [ADMIN_KEYS_CREATE] Created 1 key(s) | reqId=c3b95487-2e3e-40f3-b0c0-1380144902d0 ip=187.45.47.47 status=200
2026-02-22T21:56:01.775Z [INFO]: [AUTH_SUCCESS] Login autorizado | reqId=e740d1cc-0752-4aa3-970a-77177b7853c5 ip=177.87.14.56 status=200
2026-02-22T21:57:28.048Z [INFO]: [AUTH_SUCCESS] Login autorizado | reqId=4af66526-b205-4cf8-983d-df964ec0e765 ip=2804:14d:3280:4e23:14de:fbca:a4d3:4ee5 status=200
2026-02-22T21:59:29.696Z [INFO]: [AUTH_SUCCESS] Login autorizado | reqId=e418933a-59dc-42d8-967e-85e575358d26 ip=168.205.142.132 status=200
2026-02-22T22:00:56.186Z [INFO]: [AUTH_SUCCESS] Login autorizado | reqId=d34757f2-c308-4cc2-a0e3-f99253c36e7d ip=2804:14d:3280:4e23:14de:fbca:a4d3:4ee5 status=200
2026-02-22T22:02:11.233Z [INFO]: [AUTH_SUCCESS] Login autorizado | reqId=8de55075-43f0-4f71-a311-07bf9c6eb332 ip=168.205.142.132 status=200
2026-02-22T22:02:40.000Z [INFO]: [AUTH_SUCCESS] Login autorizado | reqId=b43987eb-1f4a-4532-a6b7-e39c032606a0 ip=177.87.14.56 status=200
2026-02-22T22:05:05.175Z [WARN]: [DISCORD_PROFILE_FETCH_FAIL] Discord API 400: {"message": "Invalid Form Body", "code": 50035, "errors": {"user_id": {"_errors": [{"code": "NUMBER_TYPE_COERCE", "message": "Value \"vidigal\" is not snowflake."}]}}} | reqId=ba9f6091-f686-4ea3-8d1e-75877b23ad07 ip=164.163.142.143 status=200
2026-02-22T22:05:05.321Z [INFO]: [AUTH_FIRST_LINK] Primeiro uso: vinculou hwid + discord | reqId=ba9f6091-f686-4ea3-8d1e-75877b23ad07 ip=164.163.142.143 status=200
2026-02-22T22:05:05.516Z [WARN]: [DISCORD_PROFILE_SYNC_FAIL] Falhou ao sincronizar perfil do Discord (primeiro login) | reqId=ba9f6091-f686-4ea3-8d1e-75877b23ad07 ip=164.163.142.143 status=200
2026-02-22T22:05:05.655Z [INFO]: [AUTH_SUCCESS] Login autorizado | reqId=ba9f6091-f686-4ea3-8d1e-75877b23ad07 ip=164.163.142.143 status=200
2026-02-22T22:06:14.549Z [INFO]: [AUTH_SUCCESS] Login autorizado | reqId=af95fa1f-d475-4595-a18e-709813872d1d ip=168.205.142.132 status=200
2026-02-22T22:08:37.446Z [INFO]: [AUTH_SUCCESS] Login autorizado | reqId=cda318e8-96ff-42bd-81fb-de24959f11f1 ip=177.87.14.56 status=200
2026-02-22T22:09:52.314Z [INFO]: [AUTH_SUCCESS] Login autorizado | reqId=9f881df5-9709-4afb-beec-33fda960d0fa ip=177.87.14.56 status=200
2026-02-22T22:09:55.299Z [INFO]: [AUTH_SUCCESS] Login autorizado | reqId=fb857d82-e314-468b-b3f6-aa84839cf217 ip=168.205.142.132 status=200
2026-02-22T22:12:48.521Z [INFO]: [AUTH_SUCCESS] Login autorizado | reqId=ea7dee26-2db2-4b7e-8735-f96d026eecc1 ip=45.172.120.25 status=200
2026-02-22T22:13:51.308Z [INFO]: [AUTH_SUCCESS] Login autorizado | reqId=8d0adb9d-cebe-418f-b029-6c9b1ed3c1f1 ip=168.205.142.132 status=200
2026-02-22T22:14:02.521Z [INFO]: [AUTH_SUCCESS] Login autorizado | reqId=d12369af-0662-48cd-b303-2a75d7076ad9 ip=164.163.142.143 status=200
2026-02-22T22:14:40.176Z [INFO]: [AUTH_SUCCESS] Login autorizado | reqId=4b8d5ab3-b49d-41bd-9492-9f294233184c ip=45.172.120.25 status=200
2026-02-22T22:17:08.919Z [INFO]: [AUTH_SUCCESS] Login autorizado | reqId=6f13acc4-2572-4dc6-93cd-31e7303efea1 ip=168.205.142.132 status=200
2026-02-22T22:20:25.078Z [INFO]: [AUTH_SUCCESS] Login autorizado | reqId=b5c99f0a-31e7-4da1-bca1-d00dd022f974 ip=2804:14d:3280:4e23:14de:fbca:a4d3:4ee5 status=200
2026-02-22T22:20:33.184Z [INFO]: [AUTH_SUCCESS] Login autorizado | reqId=e0e4f9ba-fe65-4a77-8fba-98b5e7f23e80 ip=168.205.142.132 status=200
2026-02-22T22:23:00.449Z [INFO]: [AUTH_SUCCESS] Login autorizado | reqId=92511e92-8547-4bed-a59c-f16a5f9c6935 ip=2804:14d:3280:4e23:14de:fbca:a4d3:4ee5 status=200
2026-02-22T22:24:14.408Z [INFO]: [AUTH_SUCCESS] Login autorizado | reqId=9e519a7b-795c-4efd-a151-14bbf0d46075 ip=168.205.142.132 status=200
2026-02-22T22:27:57.907Z [WARN]: [ADMIN_KEYS_CREATE] Created 1 key(s) | reqId=74ca69c5-f207-4148-a1ad-85a260fa8065 ip=207.248.7.209 status=200
2026-02-22T22:28:06.662Z [WARN]: [DISCORD_PROFILE_FETCH_FAIL] Discord API 400: {"message": "Invalid Form Body", "code": 50035, "errors": {"user_id": {"_errors": [{"code": "NUMBER_TYPE_COERCE", "message": "Value \"overlay\" is not snowflake."}]}}} | reqId=5a482968-acd7-4bcb-b9a9-ac667c66aaae ip=207.248.7.209 status=200
2026-02-22T22:28:06.807Z [INFO]: [AUTH_FIRST_LINK] Primeiro uso: vinculou hwid + discord | reqId=5a482968-acd7-4bcb-b9a9-ac667c66aaae ip=207.248.7.209 status=200
2026-02-22T22:28:07.000Z [WARN]: [DISCORD_PROFILE_SYNC_FAIL] Falhou ao sincronizar perfil do Discord (primeiro login) | reqId=5a482968-acd7-4bcb-b9a9-ac667c66aaae ip=207.248.7.209 status=200
2026-02-22T22:28:07.149Z [INFO]: [AUTH_SUCCESS] Login autorizado | reqId=5a482968-acd7-4bcb-b9a9-ac667c66aaae ip=207.248.7.209 status=200
2026-02-22T22:40:51.867Z [INFO]: [AUTH_SUCCESS] Login autorizado | reqId=0b7c4cc2-48c8-4d0f-88b3-f15f4a6eadc5 ip=177.87.14.56 status=200
2026-02-22T22:46:31.563Z [INFO]: [AUTH_SUCCESS] Login autorizado | reqId=0cf87ada-a575-48e3-bf67-233ae4465a35 ip=164.163.142.143 status=200
2026-02-22T22:50:09.427Z [INFO]: [AUTH_SUCCESS] Login autorizado | reqId=2a9f96a3-fb93-4a32-a3d1-c7979282a6ac ip=207.248.7.128 status=200
2026-02-22T22:52:35.601Z [INFO]: [AUTH_SUCCESS] Login autorizado | reqId=02200ed0-79eb-4a21-abd7-1a58e43a6c63 ip=168.205.142.132 status=200
2026-02-22T22:53:01.490Z [INFO]: [AUTH_SUCCESS] Login autorizado | reqId=1ceeb1a7-c8de-44ec-be29-78327210a92e ip=2804:14d:328c:4f82:d009:4d87:fe2f:9741 status=200
2026-02-22T23:00:23.680Z [INFO]: [AUTH_SUCCESS] Login autorizado | reqId=fb554d23-6963-45ef-be2e-54dd2d9e7cac ip=164.163.142.143 status=200
2026-02-22T23:02:44.114Z [WARN]: [ADMIN_KEYS_CREATE] Created 1 key(s) | reqId=4c43a8f4-62fd-427d-a7e4-b2ba36bc5e33 ip=207.248.7.128 status=200
2026-02-22T23:06:39.000Z [INFO]: [AUTH_SUCCESS] Login autorizado | reqId=931057b1-0d3f-4124-8c89-559fc4ba7904 ip=2804:14d:3280:4e23:14de:fbca:a4d3:4ee5 status=200
2026-02-22T23:15:47.576Z [WARN]: [DISCORD_PROFILE_FETCH_FAIL] Discord API 400: {"message": "Invalid Form Body", "code": 50035, "errors": {"user_id": {"_errors": [{"code": "NUMBER_TYPE_COERCE", "message": "Value \"overlay\" is not snowflake."}]}}} | reqId=e32fa35a-b3b2-461e-939d-92e6b919b8e4 ip=207.248.7.128 status=200
2026-02-22T23:15:47.718Z [INFO]: [AUTH_FIRST_LINK] Primeiro uso: vinculou hwid + discord | reqId=e32fa35a-b3b2-461e-939d-92e6b919b8e4 ip=207.248.7.128 status=200
2026-02-22T23:15:47.917Z [WARN]: [DISCORD_PROFILE_SYNC_FAIL] Falhou ao sincronizar perfil do Discord (primeiro login) | reqId=e32fa35a-b3b2-461e-939d-92e6b919b8e4 ip=207.248.7.128 status=200
2026-02-22T23:15:48.054Z [INFO]: [AUTH_SUCCESS] Login autorizado | reqId=e32fa35a-b3b2-461e-939d-92e6b919b8e4 ip=207.248.7.128 status=200
2026-02-22T23:21:50.863Z [INFO]: [AUTH_SUCCESS] Login autorizado | reqId=c86e3918-a230-4e22-aa20-71af57d1977f ip=164.163.142.143 status=200
2026-02-22T23:23:13.208Z [WARN]: [AUTH_HWID_MISMATCH] HWID divergente | reqId=bf1e2bab-31a2-4ae6-9039-f7abdc991c97 ip=2804:908:19b7:5600:590e:4e4:2b36:6969 status=401
2026-02-22T23:23:58.459Z [WARN]: [ADMIN_KEYS_CREATE] Created 1 key(s) | reqId=bc57e44a-2e32-4804-93f3-fd1b2be839c9 ip=207.248.7.128 status=200
2026-02-22T23:24:26.267Z [WARN]: [DISCORD_PROFILE_FETCH_FAIL] Discord API 400: {"message": "Invalid Form Body", "code": 50035, "errors": {"user_id": {"_errors": [{"code": "NUMBER_TYPE_COERCE", "message": "Value \"overlay\" is not snowflake."}]}}} | reqId=ec03349d-8209-4aa2-8916-ffe22ec46fd3 ip=2804:908:19b7:5600:590e:4e4:2b36:6969 status=200
2026-02-22T23:24:26.409Z [INFO]: [AUTH_FIRST_LINK] Primeiro uso: vinculou hwid + discord | reqId=ec03349d-8209-4aa2-8916-ffe22ec46fd3 ip=2804:908:19b7:5600:590e:4e4:2b36:6969 status=200
2026-02-22T23:24:26.594Z [WARN]: [DISCORD_PROFILE_SYNC_FAIL] Falhou ao sincronizar perfil do Discord (primeiro login) | reqId=ec03349d-8209-4aa2-8916-ffe22ec46fd3 ip=2804:908:19b7:5600:590e:4e4:2b36:6969 status=200
2026-02-22T23:24:26.735Z [INFO]: [AUTH_SUCCESS] Login autorizado | reqId=ec03349d-8209-4aa2-8916-ffe22ec46fd3 ip=2804:908:19b7:5600:590e:4e4:2b36:6969 status=200
2026-02-22T23:38:58.732Z [INFO]: [AUTH_SUCCESS] Login autorizado | reqId=1a6ce4f8-f95b-4802-8e09-b7a787e65861 ip=187.45.47.47 status=200
2026-02-22T23:49:19.576Z [INFO]: [AUTH_SUCCESS] Login autorizado | reqId=5f52700c-2585-4d20-a0de-f6cc1f11a13c ip=187.45.47.47 status=200
2026-02-22T23:59:24.565Z [INFO]: [AUTH_SUCCESS] Login autorizado | reqId=98716d8d-36d2-4d20-97f1-d7d343a934a7 ip=2804:14d:3280:4e23:14de:fbca:a4d3:4ee5 status=200
2026-02-23T00:01:17.551Z [INFO]: [AUTH_SUCCESS] Login autorizado | reqId=0a10d6ad-ac63-48b7-93a4-b39c2ae4d655 ip=2804:908:19b7:5600:590e:4e4:2b36:6969 status=200
2026-02-23T00:25:47.094Z [INFO]: [AUTH_SUCCESS] Login autorizado | reqId=5242c117-7e26-4561-ae50-cd2f6210fa17 ip=2804:908:19b7:5600:908e:9afc:778a:ff03 status=200
2026-02-23T00:40:47.077Z [WARN]: [AUTH_HWID_MISMATCH] HWID divergente | reqId=a976a525-1b97-41c3-85ba-ef45d0ed45b4 ip=207.248.7.128 status=401
2026-02-23T00:41:00.018Z [WARN]: [ADMIN_KEYS_CREATE] Created 1 key(s) | reqId=408f0752-736d-4ac5-ab97-fe21a05ed616 ip=207.248.7.128 status=200
2026-02-23T00:41:05.955Z [WARN]: [DISCORD_PROFILE_FETCH_FAIL] Discord API 400: {"message": "Invalid Form Body", "code": 50035, "errors": {"user_id": {"_errors": [{"code": "NUMBER_TYPE_COERCE", "message": "Value \"overlay\" is not snowflake."}]}}} | reqId=deda61dc-2992-45b7-9228-ef5c84509942 ip=207.248.7.128 status=200
2026-02-23T00:41:06.102Z [INFO]: [AUTH_FIRST_LINK] Primeiro uso: vinculou hwid + discord | reqId=deda61dc-2992-45b7-9228-ef5c84509942 ip=207.248.7.128 status=200
2026-02-23T00:41:06.293Z [WARN]: [DISCORD_PROFILE_SYNC_FAIL] Falhou ao sincronizar perfil do Discord (primeiro login) | reqId=deda61dc-2992-45b7-9228-ef5c84509942 ip=207.248.7.128 status=200
2026-02-23T00:41:06.430Z [INFO]: [AUTH_SUCCESS] Login autorizado | reqId=deda61dc-2992-45b7-9228-ef5c84509942 ip=207.248.7.128 status=200
2026-02-23T00:59:00.052Z [INFO]: [AUTH_SUCCESS] Login autorizado | reqId=d25dd48f-506c-4e05-875f-89ebe5331eb2 ip=2804:908:19b7:5600:908e:9afc:778a:ff03 status=200
2026-02-23T01:05:27.574Z [INFO]: [AUTH_SUCCESS] Login autorizado | reqId=7e2ff6d8-eb52-4c55-adc0-33c37a9bdd3a ip=2804:908:19b7:5600:908e:9afc:778a:ff03 status=200
2026-02-23T01:14:08.616Z [INFO]: [AUTH_SUCCESS] Login autorizado | reqId=abc51382-a594-408e-b4b1-ff853b90ff98 ip=207.248.7.128 status=200
2026-02-23T01:18:50.482Z [WARN]: ready.refreshStats falhou: Socket 'secureConnect' timed out after 30089ms (connectTimeoutMS: 30000)
2026-02-23T01:24:53.851Z [INFO]: [AUTH_SUCCESS] Login autorizado | reqId=dbf73737-ebd8-451d-b6c7-90e6bc86b063 ip=2804:908:19b7:5600:908e:9afc:778a:ff03 status=200
2026-02-23T01:27:20.743Z [INFO]: [AUTH_SUCCESS] Login autorizado | reqId=52f6f415-33fd-4e04-8bae-212eeb8a023b ip=2804:14d:3280:4e23:14de:fbca:a4d3:4ee5 status=200
2026-02-23T02:21:15.868Z [INFO]: [AUTH_SUCCESS] Login autorizado | reqId=99a8cf97-6d16-487f-9b92-1de77a7cce81 ip=207.248.7.226 status=200
2026-02-23T02:45:37.657Z [WARN]: [AUTH_EXPIRED] Key expirada | reqId=33363b3c-9b63-44d1-abe3-8401b22e0793 ip=131.221.188.163 status=401
2026-02-23T02:45:41.548Z [WARN]: [AUTH_EXPIRED] Key expirada | reqId=563f4c35-e71e-499b-a1a5-95ebea415475 ip=131.221.188.163 status=401
2026-02-23T02:45:50.004Z [WARN]: [AUTH_EXPIRED] Key expirada | reqId=10eb8698-8571-4f74-820e-8faf3ccdd431 ip=131.221.188.163 status=401
2026-02-23T02:45:57.405Z [WARN]: [AUTH_EXPIRED] Key expirada | reqId=fc4882e5-0a8a-48c3-bf40-db562ecaf378 ip=131.221.188.163 status=401
2026-02-23T02:47:21.975Z [WARN]: [ADMIN_KEYS_CREATE] Created 1 key(s) | reqId=a1f4894f-62d1-483b-8c1d-b8565d574209 ip=187.45.47.47 status=200
2026-02-23T02:47:41.397Z [INFO]: [AUTH_FIRST_LINK] Primeiro uso: vinculou hwid + discord | reqId=746dc492-7da3-4382-baa5-da4736711825 ip=131.221.188.163 status=200
2026-02-23T02:47:41.671Z [INFO]: [AUTH_SUCCESS] Login autorizado | reqId=746dc492-7da3-4382-baa5-da4736711825 ip=131.221.188.163 status=200
2026-02-23T02:50:06.319Z [INFO]: [AUTH_SUCCESS] Login autorizado | reqId=19499be1-3e4a-484c-8464-5f8e1e0ec7d7 ip=2804:14d:3280:4e23:14de:fbca:a4d3:4ee5 status=200
2026-02-23T02:52:08.611Z [INFO]: [AUTH_SUCCESS] Login autorizado | reqId=bf91ed6c-f3f4-4e1a-9b0e-b63cfd076a37 ip=2804:908:19b7:5600:908e:9afc:778a:ff03 status=200
2026-02-23T02:53:30.261Z [INFO]: [AUTH_SUCCESS] Login autorizado | reqId=60d58911-0817-4d54-b9e7-e0b9d771431e ip=2804:14d:3280:4e23:14de:fbca:a4d3:4ee5 status=200
2026-02-23T02:53:35.288Z [WARN]: [ADMIN_KEYS_CREATE] Created 1 key(s) | reqId=de9d586c-c2c7-475b-8036-e9db795d6953 ip=207.248.7.226 status=200
2026-02-23T02:54:17.438Z [INFO]: [AUTH_SUCCESS] Login autorizado | reqId=69d0c11f-b466-4c1c-bbb1-2eca89e1ae3c ip=2804:14d:3280:4e23:14de:fbca:a4d3:4ee5 status=200
2026-02-23T02:54:44.199Z [WARN]: [DISCORD_PROFILE_FETCH_FAIL] Discord API 400: {"message": "Invalid Form Body", "code": 50035, "errors": {"user_id": {"_errors": [{"code": "NUMBER_TYPE_COERCE", "message": "Value \"overlay\" is not snowflake."}]}}} | reqId=38772867-bed5-46fd-b3d9-076e2af17bf9 ip=207.248.7.226 status=200
2026-02-23T02:54:44.340Z [INFO]: [AUTH_FIRST_LINK] Primeiro uso: vinculou hwid + discord | reqId=38772867-bed5-46fd-b3d9-076e2af17bf9 ip=207.248.7.226 status=200
2026-02-23T02:54:44.571Z [WARN]: [DISCORD_PROFILE_SYNC_FAIL] Falhou ao sincronizar perfil do Discord (primeiro login) | reqId=38772867-bed5-46fd-b3d9-076e2af17bf9 ip=207.248.7.226 status=200
2026-02-23T02:54:44.709Z [INFO]: [AUTH_SUCCESS] Login autorizado | reqId=38772867-bed5-46fd-b3d9-076e2af17bf9 ip=207.248.7.226 status=200
2026-02-23T02:56:03.605Z [INFO]: [AUTH_SUCCESS] Login autorizado | reqId=2a482341-f077-4c22-bd82-237059747e5d ip=187.45.47.47 status=200
2026-02-23T02:59:11.567Z [INFO]: [AUTH_SUCCESS] Login autorizado | reqId=799085a9-345c-4104-8f93-e3a5231b2435 ip=131.221.188.163 status=200
2026-02-23T03:02:53.475Z [WARN]: [AUTH_DISCORD_MISMATCH] discordId não bate com usedBy | reqId=db418389-21d5-457c-bd74-31dcd1304517 ip=131.221.188.161 status=401
2026-02-23T03:02:56.643Z [INFO]: [AUTH_SUCCESS] Login autorizado | reqId=5234d991-e976-4d9d-9622-2ea9352907f4 ip=131.221.188.161 status=200
2026-02-23T03:10:16.216Z [INFO]: [AUTH_SUCCESS] Login autorizado | reqId=93939b39-6440-4097-9991-9d90f9309cb1 ip=207.248.7.226 status=200
2026-02-23T03:38:38.493Z [WARN]: [ADMIN_KEYS_CREATE] Created 1 key(s) | reqId=27ee6b20-9279-4e4d-a9cc-94b15135c66e ip=187.45.47.47 status=200
2026-02-23T03:38:56.812Z [INFO]: [AUTH_FIRST_LINK] Primeiro uso: vinculou hwid + discord | reqId=808e7898-3e56-4f8d-b4ff-9bcbb08e6fa8 ip=45.184.31.142 status=200
2026-02-23T03:38:57.087Z [INFO]: [AUTH_SUCCESS] Login autorizado | reqId=808e7898-3e56-4f8d-b4ff-9bcbb08e6fa8 ip=45.184.31.142 status=200
2026-02-23T03:48:25.538Z [INFO]: [AUTH_SUCCESS] Login autorizado | reqId=356af267-64d9-4ca9-8cee-9f909c891842 ip=45.184.31.142 status=200
2026-02-23T03:57:40.575Z [INFO]: [AUTH_SUCCESS] Login autorizado | reqId=887d35d3-b132-44b3-be4b-5ae7cf3abe0b ip=207.248.7.226 status=200
2026-02-23T04:12:33.084Z [INFO]: [AUTH_SUCCESS] Login autorizado | reqId=04b59720-ad5c-44c3-8846-edcf59561e9a ip=164.163.142.143 status=200
2026-02-23T04:52:18.797Z [INFO]: [AUTH_SUCCESS] Login autorizado | reqId=71d1e4c0-e0d2-4b63-866d-f230fe808933 ip=164.163.142.143 status=200
2026-02-23T04:53:39.396Z [INFO]: [AUTH_SUCCESS] Login autorizado | reqId=1731139c-3c72-44a7-9b1a-c81fb61a1804 ip=164.163.142.143 status=200
2026-02-23T04:54:57.765Z [INFO]: [AUTH_SUCCESS] Login autorizado | reqId=b041c139-6714-454a-9c4c-3a52c2ebf62c ip=164.163.142.143 status=200
2026-02-23T04:56:15.342Z [INFO]: [AUTH_SUCCESS] Login autorizado | reqId=884f21b3-7430-4bb2-8908-fdfc460ef8e1 ip=207.248.7.226 status=200
2026-02-23T04:59:04.441Z [INFO]: [AUTH_SUCCESS] Login autorizado | reqId=6ff363c0-3754-4082-9271-a0044cf1d97e ip=164.163.142.143 status=200
2026-02-23T05:02:37.891Z [INFO]: [AUTH_SUCCESS] Login autorizado | reqId=0cec5a7d-53ba-4647-8eb7-d1a284fe54ee ip=164.163.142.143 status=200
2026-02-23T05:08:05.417Z [INFO]: [AUTH_SUCCESS] Login autorizado | reqId=17fa5df2-4cfa-4f91-9c22-0fb76a305470 ip=164.163.142.143 status=200
2026-02-23T05:18:08.077Z [INFO]: [AUTH_SUCCESS] Login autorizado | reqId=71036d3d-a908-41a8-b9f1-f4a58a9f6695 ip=164.163.142.143 status=200
2026-02-23T05:21:43.822Z [WARN]: [AUTH_DISCORD_MISMATCH] discordId não bate com usedBy | reqId=df723b52-86a5-4704-aff6-a85c1c0f6431 ip=164.163.142.143 status=401
2026-02-23T05:26:45.445Z [WARN]: [AUTH_DISCORD_MISMATCH] discordId não bate com usedBy | reqId=c3acc3d8-938a-49ed-8c6c-0b364a2dd2f7 ip=164.163.142.143 status=401
2026-02-23T05:27:46.384Z [WARN]: [AUTH_DISCORD_MISMATCH] discordId não bate com usedBy | reqId=18ba32ee-32ff-45b2-88e1-c45fba5567e9 ip=164.163.142.143 status=401
2026-02-23T06:14:12.321Z [INFO]: [AUTH_SUCCESS] Login autorizado | reqId=4be2d477-f633-42ea-933c-2988f7fa9120 ip=207.248.7.226 status=200
2026-02-23T06:30:26.488Z [INFO]: [AUTH_SUCCESS] Login autorizado | reqId=db0ee846-8c5f-4528-acb0-0468e906482f ip=207.248.7.226 status=200
2026-02-23T06:30:50.591Z [INFO]: [AUTH_SUCCESS] Login autorizado | reqId=78e1a4f5-ec30-4f67-966e-22c71bc8dde3 ip=207.248.7.226 status=200
2026-02-23T06:33:16.530Z [INFO]: [AUTH_SUCCESS] Login autorizado | reqId=12e35bcf-253a-4a11-9fc2-3d4d55df0014 ip=207.248.7.226 status=200
2026-02-23T06:38:58.027Z [INFO]: [AUTH_SUCCESS] Login autorizado | reqId=f026db79-2c5b-45f6-9b47-d99ac13b22a3 ip=207.248.7.226 status=200
2026-02-23T07:27:46.925Z [INFO]: [AUTH_SUCCESS] Login autorizado | reqId=ee4a8709-b529-4c5d-9280-0db62dd4d16c ip=207.248.7.226 status=200
2026-02-23T07:36:58.507Z [INFO]: [AUTH_SUCCESS] Login autorizado | reqId=60b451c4-144e-4e38-a240-849adc45d296 ip=207.248.7.226 status=200
2026-02-23T07:48:02.557Z [INFO]: [AUTH_SUCCESS] Login autorizado | reqId=c537a9b4-05aa-4744-a7c9-77ff049aa9c2 ip=207.248.7.226 status=200
2026-02-23T07:50:22.905Z [INFO]: [AUTH_SUCCESS] Login autorizado | reqId=54379439-550c-4c55-9de4-0c1430107f56 ip=207.248.7.226 status=200
2026-02-23T07:54:31.609Z [INFO]: [AUTH_SUCCESS] Login autorizado | reqId=59c3d14c-308c-4e8a-8503-72140984c4c0 ip=207.248.7.226 status=200
2026-02-23T07:57:42.934Z [INFO]: [AUTH_SUCCESS] Login autorizado | reqId=3dd89ca6-c3fa-42d9-b0f3-9bf94f6b7496 ip=207.248.7.226 status=200
2026-02-23T08:01:40.946Z [INFO]: [AUTH_SUCCESS] Login autorizado | reqId=3afec365-38f3-49e1-a714-e2f24cf49622 ip=207.248.7.226 status=200
2026-02-23T08:06:41.542Z [INFO]: [AUTH_SUCCESS] Login autorizado | reqId=2543a6d3-99d8-4fe9-ab5d-a4bd96d89901 ip=207.248.7.226 status=200
2026-02-23T08:06:58.192Z [INFO]: [AUTH_SUCCESS] Login autorizado | reqId=b75286c2-a5e5-4e2f-95b0-a999bcfb60ec ip=207.248.7.226 status=200
2026-02-23T08:08:55.876Z [INFO]: [AUTH_SUCCESS] Login autorizado | reqId=f39152c9-7575-4a16-9996-aa9187dfc075 ip=207.248.7.226 status=200
2026-02-23T08:10:20.877Z [INFO]: [AUTH_SUCCESS] Login autorizado | reqId=94d1a14c-2641-4d4d-81d7-fd427f46b872 ip=207.248.7.226 status=200
2026-02-23T13:20:47.867Z [INFO]: [AUTH_SUCCESS] Login autorizado | reqId=7deffd38-30ae-48fd-ae87-eacca6bbc875 ip=207.248.7.226 status=200
2026-02-23T13:49:59.363Z [INFO]: [AUTH_SUCCESS] Login autorizado | reqId=40c0bb96-e762-41f0-850a-860ad2133621 ip=207.248.7.226 status=200
2026-02-23T14:15:26.923Z [INFO]: [AUTH_SUCCESS] Login autorizado | reqId=5649fe8d-6e27-4706-a172-90d3aec7286a ip=207.248.7.226 status=200
2026-02-23T14:19:18.831Z [INFO]: [AUTH_SUCCESS] Login autorizado | reqId=35d834d1-7138-4da4-adbb-3052ff9cefe0 ip=207.248.7.226 status=200
2026-02-23T14:32:50.543Z [INFO]: [AUTH_SUCCESS] Login autorizado | reqId=c84a5b3b-27b5-4b09-9f74-2473b44acff0 ip=207.248.7.226 status=200
2026-02-23T14:39:32.543Z [INFO]: [AUTH_SUCCESS] Login autorizado | reqId=8382621e-40e4-4454-b2fa-cbaed5c3746b ip=207.248.7.226 status=200
2026-02-23T15:09:03.612Z [INFO]: [AUTH_SUCCESS] Login autorizado | reqId=6b3525d5-f7af-4e32-a300-ef91d51fdbe8 ip=207.248.7.226 status=200
2026-02-23T15:12:23.485Z [INFO]: [AUTH_SUCCESS] Login autorizado | reqId=ec8a1fe1-cb0b-4f36-b287-0c8add91c637 ip=207.248.7.226 status=200
2026-02-23T15:16:51.037Z [INFO]: [AUTH_SUCCESS] Login autorizado | reqId=dae5577a-7886-47ec-967b-72db65a22818 ip=207.248.7.226 status=200
2026-02-23T15:26:10.584Z [INFO]: [AUTH_SUCCESS] Login autorizado | reqId=cff74abc-6a11-47c5-b08a-4c2c5bb78bc4 ip=207.248.7.226 status=200
2026-02-23T15:36:02.766Z [INFO]: [AUTH_SUCCESS] Login autorizado | reqId=8563b8e7-47ef-4414-bdaf-63170efd0097 ip=207.248.7.226 status=200
2026-02-23T16:24:31.870Z [INFO]: [AUTH_SUCCESS] Login autorizado | reqId=ac94e59e-d89d-4559-a964-45b04dac0996 ip=2804:14d:328c:4f82:9a7:e465:628b:6b8b status=200
2026-02-23T17:40:11.462Z [INFO]: [AUTH_SUCCESS] Login autorizado | reqId=00deb449-8fcb-439c-b29f-a824aa16cd30 ip=2804:908:19b7:5600:a0bd:a28a:c413:b808 status=200
2026-02-23T18:05:46.850Z [INFO]: [AUTH_SUCCESS] Login autorizado | reqId=d5c65c13-b3c9-4bfe-993d-e093c488e4b0 ip=207.248.7.226 status=200
2026-02-23T19:16:57.243Z [INFO]: [AUTH_SUCCESS] Login autorizado | reqId=1fbfda60-81fc-4e75-9d5e-895781eb1f20 ip=207.248.7.226 status=200
2026-02-23T20:07:02.871Z [WARN]: [ADMIN_KEYS_CREATE] Created 1 key(s) | reqId=9fa7c1e1-2f39-47d7-91f9-511fb2dd1256 ip=187.45.47.47 status=200
2026-02-23T20:32:05.198Z [INFO]: [AUTH_SUCCESS] Login autorizado | reqId=3b33591c-edd1-4bad-8c5c-6ffd5069cd32 ip=2804:908:19e8:2900:41d:7340:574c:f7d4 status=200
2026-02-23T20:37:49.022Z [INFO]: [AUTH_SUCCESS] Login autorizado | reqId=6a301590-9264-4a75-af35-093119c9d2ff ip=2804:908:19e8:2900:41d:7340:574c:f7d4 status=200
2026-02-23T20:47:35.820Z [INFO]: [AUTH_SUCCESS] Login autorizado | reqId=af69d2f2-37da-4739-9615-951a88d975e1 ip=2804:908:19e8:2900:41d:7340:574c:f7d4 status=200
2026-02-23T21:01:22.615Z [INFO]: [AUTH_SUCCESS] Login autorizado | reqId=fac4abc2-60c6-4f18-99c4-02dd3c9c9d88 ip=2804:14d:328c:4f82:8199:8561:1d91:438a status=200
2026-02-23T21:26:54.902Z [INFO]: [AUTH_SUCCESS] Login autorizado | reqId=03795b95-dcd5-4c39-a551-2e5861489830 ip=207.248.7.226 status=200
2026-02-23T21:29:02.601Z [INFO]: [AUTH_SUCCESS] Login autorizado | reqId=ad7dc9fd-f9c1-4c1e-aa19-5bc4f70ca7d1 ip=2804:14d:328c:4f82:8199:8561:1d91:438a status=200
2026-02-23T21:33:08.527Z [INFO]: [AUTH_SUCCESS] Login autorizado | reqId=86f5a83b-9f1b-481c-a20c-4314ace5c7e7 ip=207.248.7.226 status=200
2026-02-23T21:33:45.030Z [INFO]: [AUTH_SUCCESS] Login autorizado | reqId=b59a6f41-c66d-4e58-b766-4f03d6794dc4 ip=207.248.7.226 status=200
2026-02-23T21:36:25.764Z [INFO]: [AUTH_SUCCESS] Login autorizado | reqId=186f2d48-f3eb-47a0-890a-97a7ab6fd654 ip=2804:14d:3280:4e23:60fc:fef0:607a:4b12 status=200
2026-02-23T21:36:56.048Z [INFO]: [AUTH_SUCCESS] Login autorizado | reqId=b408cf50-2c01-4cc1-b3c7-f4513aebe411 ip=2804:14d:328c:4f82:8199:8561:1d91:438a status=200
2026-02-23T21:40:56.803Z [INFO]: [AUTH_SUCCESS] Login autorizado | reqId=84802e3f-3b9d-40e8-aeb9-17413bbd5976 ip=2804:14d:3280:4e23:60fc:fef0:607a:4b12 status=200
2026-02-23T21:42:42.178Z [INFO]: [AUTH_SUCCESS] Login autorizado | reqId=4cdc405f-b4b4-4101-b4cf-31b19272cb4f ip=2804:14d:328c:4f82:8199:8561:1d91:438a status=200
2026-02-23T21:51:05.399Z [INFO]: [AUTH_SUCCESS] Login autorizado | reqId=84ca0cdb-088c-46f0-b166-7a72ab184341 ip=2804:14d:3280:4e23:60fc:fef0:607a:4b12 status=200
2026-02-23T21:56:17.518Z [INFO]: [AUTH_SUCCESS] Login autorizado | reqId=4f644591-6cad-4c84-a14d-6d9e6d6f3359 ip=2804:14d:3280:4e23:60fc:fef0:607a:4b12 status=200
2026-02-23T22:07:57.172Z [INFO]: [AUTH_SUCCESS] Login autorizado | reqId=d2a567eb-6407-4462-b9e9-777d273991c8 ip=2804:14d:3280:4e23:60fc:fef0:607a:4b12 status=200
2026-02-23T22:10:49.771Z [INFO]: [AUTH_SUCCESS] Login autorizado | reqId=1c3f5e38-002c-43a6-8aff-42f153e33e6e ip=2804:14d:328c:4f82:8199:8561:1d91:438a status=200
2026-02-23T22:16:15.317Z [INFO]: [AUTH_FIRST_LINK] Primeiro uso: vinculou hwid + discord | reqId=e385a9f9-d05c-4fd7-bbf1-cebe4b1f9788 ip=177.72.113.163 status=200
2026-02-23T22:16:15.600Z [INFO]: [AUTH_SUCCESS] Login autorizado | reqId=e385a9f9-d05c-4fd7-bbf1-cebe4b1f9788 ip=177.72.113.163 status=200
2026-02-23T22:18:28.230Z [INFO]: [AUTH_SUCCESS] Login autorizado | reqId=8df6005f-7a26-42d0-948e-3be013f250f9 ip=177.72.113.163 status=200
2026-02-23T22:25:12.120Z [INFO]: [AUTH_SUCCESS] Login autorizado | reqId=137278ab-c61b-4da9-8a78-9fca8d4c7a4c ip=177.72.113.163 status=200
2026-02-23T22:35:26.629Z [INFO]: [AUTH_SUCCESS] Login autorizado | reqId=320dab48-50db-4935-aea7-62f199fcbbb4 ip=2804:14d:328c:4f82:8199:8561:1d91:438a status=200
2026-02-23T22:40:17.826Z [INFO]: [AUTH_SUCCESS] Login autorizado | reqId=5c55dfae-92e8-4247-8cac-c3cd19498ee6 ip=2804:14d:328c:4f82:8199:8561:1d91:438a status=200
2026-02-23T22:45:43.012Z [INFO]: [AUTH_SUCCESS] Login autorizado | reqId=fbff44f1-f16e-435c-84f5-e01eac8f579f ip=2804:14d:3280:4e23:60fc:fef0:607a:4b12 status=200
2026-02-23T22:59:13.596Z [INFO]: [AUTH_SUCCESS] Login autorizado | reqId=4004127d-44ea-4f71-b91a-c4ddb6905f32 ip=2804:14d:328c:4f82:8199:8561:1d91:438a status=200
2026-02-23T23:08:35.976Z [INFO]: [AUTH_SUCCESS] Login autorizado | reqId=dc1e7f95-4f6e-43ba-a6a3-2db17a571ace ip=2804:14d:328c:4f82:8199:8561:1d91:438a status=200
2026-02-23T23:09:16.392Z [INFO]: [AUTH_SUCCESS] Login autorizado | reqId=369bc7a5-ac53-47b9-9e4d-679e21f14237 ip=2804:14d:328c:4f82:8199:8561:1d91:438a status=200
2026-02-23T23:42:47.733Z [INFO]: [AUTH_SUCCESS] Login autorizado | reqId=fdcbd53d-1ba2-4865-b5e9-4613cdb85229 ip=2804:14d:328c:4f82:e087:8d60:1859:917f status=200
2026-02-23T23:42:58.113Z [INFO]: [AUTH_SUCCESS] Login autorizado | reqId=d82bd635-8d40-4889-8589-c3f810953dfc ip=2804:14d:328c:4f82:e087:8d60:1859:917f status=200
2026-02-23T23:44:32.984Z [INFO]: [AUTH_SUCCESS] Login autorizado | reqId=10f292cf-4563-421f-b42f-91d95f7286eb ip=2804:7f0:7c80:5811:c466:2b06:dd6b:f9b5 status=200
2026-02-23T23:49:02.335Z [INFO]: [AUTH_SUCCESS] Login autorizado | reqId=99323bd4-9437-4d12-ab6a-9dbdcaf2a669 ip=2804:14d:3280:4e23:60fc:fef0:607a:4b12 status=200
2026-02-23T23:51:04.053Z [INFO]: [AUTH_SUCCESS] Login autorizado | reqId=ca0c58af-cff8-4933-94b1-327a1d534f83 ip=2804:908:19e8:2900:202b:c7c9:2089:7889 status=200
2026-02-24T00:14:43.335Z [INFO]: [AUTH_SUCCESS] Login autorizado | reqId=e0fea799-8fb0-43f4-9d68-a76d2414098c ip=2804:14d:3280:4e23:60fc:fef0:607a:4b12 status=200
2026-02-24T00:42:43.345Z [INFO]: [AUTH_SUCCESS] Login autorizado | reqId=78215af3-1ff8-4c85-b943-28984c049585 ip=2804:908:19e8:2900:202b:c7c9:2089:7889 status=200
2026-02-24T00:51:07.741Z [INFO]: [AUTH_SUCCESS] Login autorizado | reqId=4cba3d5f-9708-43c4-b5fd-5c3794332e9f ip=2804:7f0:7c80:5811:c466:2b06:dd6b:f9b5 status=200
2026-02-24T00:53:48.841Z [INFO]: [AUTH_SUCCESS] Login autorizado | reqId=65b61bc4-fdd5-4080-80fe-f2abcddd65b8 ip=2804:14d:3280:4e23:60fc:fef0:607a:4b12 status=200
2026-02-24T00:57:50.975Z [INFO]: [AUTH_SUCCESS] Login autorizado | reqId=3922d726-ed54-41d6-b33e-2fb8df9a300f ip=2804:14d:3280:4e23:60fc:fef0:607a:4b12 status=200
2026-02-24T00:59:21.263Z [INFO]: [AUTH_SUCCESS] Login autorizado | reqId=a8a83e2b-b4de-409a-b787-253790701217 ip=2804:7f0:7c80:5811:c466:2b06:dd6b:f9b5 status=200
2026-02-24T01:22:14.219Z [INFO]: [AUTH_SUCCESS] Login autorizado | reqId=fbd5b76e-1a12-4565-b162-08f06b469440 ip=2804:7f0:7c80:5811:c466:2b06:dd6b:f9b5 status=200
2026-02-24T01:25:13.344Z [WARN]: [ADMIN_KEYS_CREATE] Created 1 key(s) | reqId=bf126dd0-2db3-47f1-8195-ede92fe4ed47 ip=2804:7f0:7c80:5811:c466:2b06:dd6b:f9b5 status=200
2026-02-24T01:27:07.989Z [INFO]: [AUTH_FIRST_LINK] Primeiro uso: vinculou hwid + discord | reqId=f17c3c9a-1693-4089-b9b9-047609f2abe4 ip=2804:7f0:7c80:5811:c466:2b06:dd6b:f9b5 status=200
2026-02-24T01:27:08.263Z [INFO]: [AUTH_SUCCESS] Login autorizado | reqId=f17c3c9a-1693-4089-b9b9-047609f2abe4 ip=2804:7f0:7c80:5811:c466:2b06:dd6b:f9b5 status=200
2026-02-24T01:29:42.053Z [INFO]: [AUTH_SUCCESS] Login autorizado | reqId=11dd2041-bb20-4428-b7db-e36be3442cad ip=2804:908:19e8:2900:202b:c7c9:2089:7889 status=200
2026-02-24T02:00:55.683Z [INFO]: [AUTH_SUCCESS] Login autorizado | reqId=ad5a6264-11e7-409d-9ecf-f8251e20120f ip=2804:14d:3280:4e23:60fc:fef0:607a:4b12 status=200
2026-02-24T03:51:24.592Z [INFO]: [AUTH_SUCCESS] Login autorizado | reqId=5a1958e4-9817-401d-aeff-8852b0c58ccc ip=2804:908:19e8:2900:202b:c7c9:2089:7889 status=200
2026-02-24T04:27:27.618Z [INFO]: [AUTH_SUCCESS] Login autorizado | reqId=43c26e55-a917-4d79-a89f-f77fa7f2fa3a ip=2804:908:19e8:2900:202b:c7c9:2089:7889 status=200
2026-02-24T04:33:22.928Z [INFO]: [AUTH_SUCCESS] Login autorizado | reqId=4b2e9ed6-eb48-4cf4-bd37-0b7cec4045da ip=2804:908:19e8:2900:202b:c7c9:2089:7889 status=200
2026-02-24T04:47:42.777Z [INFO]: [AUTH_SUCCESS] Login autorizado | reqId=dcadb82f-7acf-4e59-8af3-82cedfab86fd ip=2804:908:19e8:2900:202b:c7c9:2089:7889 status=200
2026-02-24T15:36:34.649Z [INFO]: [AUTH_SUCCESS] Login autorizado | reqId=d2d09f3c-0f1f-4b97-881c-29f360f93745 ip=45.172.120.25 status=200
2026-02-24T15:53:02.117Z [INFO]: [AUTH_SUCCESS] Login autorizado | reqId=e753a968-48ff-4c8c-b8ea-7369ef705b19 ip=45.172.120.25 status=200
2026-02-24T16:24:25.807Z [WARN]: [ADMIN_KEYS_CREATE] Created 1 key(s) | reqId=972804e9-a67b-4f2c-a5bc-f86c291e46c9 ip=191.22.240.19 status=200
2026-02-24T17:16:26.237Z [INFO]: [AUTH_SUCCESS] Login autorizado | reqId=bdc5707e-22ed-4a78-9d90-fe22528081cc ip=2804:908:19e8:2900:e18a:ffe2:d5d2:e91a status=200
2026-02-24T17:33:43.327Z [INFO]: [AUTH_SUCCESS] Login autorizado | reqId=be46c36a-53df-4741-b1dc-9b56e6972895 ip=2804:908:19e8:2900:e18a:ffe2:d5d2:e91a status=200
2026-02-24T18:25:42.623Z [INFO]: [AUTH_SUCCESS] Login autorizado | reqId=e88e6d2b-46d3-4d26-97bd-7ab48cf82ac1 ip=2804:908:19e8:2900:e18a:ffe2:d5d2:e91a status=200
2026-02-24T19:06:46.309Z [INFO]: [AUTH_SUCCESS] Login autorizado | reqId=06bfbcae-4220-4d9b-981f-de0100242a91 ip=2804:908:19e8:2900:e18a:ffe2:d5d2:e91a status=200
2026-02-24T19:13:42.709Z [WARN]: [ADMIN_PRODUCT_CREATE] Product created | reqId=1686a11e-4731-4be6-9b33-33a8874743e3 ip=2a09:bac1:1120:30::d8:1fa status=200
2026-02-24T19:13:57.987Z [WARN]: [ADMIN_KEYS_CREATE] Created 1 key(s) | reqId=42a085e5-97f9-4cbb-b83c-36cebc94c628 ip=2a09:bac1:1120:30::d8:1fa status=200
2026-02-24T19:22:32.622Z [INFO]: [AUTH_FIRST_LINK] Primeiro uso: vinculou hwid + discord | reqId=bb6ef3ca-e120-46e7-a22c-a20aa3cc4dba ip=2a09:bac1:1120:30::d8:1fa status=200
2026-02-24T19:22:32.898Z [INFO]: [AUTH_SUCCESS] Login autorizado | reqId=bb6ef3ca-e120-46e7-a22c-a20aa3cc4dba ip=2a09:bac1:1120:30::d8:1fa status=200
2026-02-24T19:23:17.151Z [WARN]: [ADMIN_KEYS_CREATE] Created 1 key(s) | reqId=b739f105-a4df-4e98-bcee-893a1a899850 ip=2a09:bac1:1120:30::d8:1fa status=200
2026-02-24T19:26:59.993Z [INFO]: [AUTH_FIRST_LINK] Primeiro uso: vinculou hwid + discord | reqId=b19db6b3-c25c-4b24-8b13-838bf68c8071 ip=2a09:bac1:1120:30::d8:1fa status=200
2026-02-24T19:27:00.270Z [INFO]: [AUTH_SUCCESS] Login autorizado | reqId=b19db6b3-c25c-4b24-8b13-838bf68c8071 ip=2a09:bac1:1120:30::d8:1fa status=200
2026-02-24T19:27:34.219Z [WARN]: [ADMIN_KEYS_CREATE] Created 1 key(s) | reqId=395058a8-0565-49b4-8c36-0fe5cb4715da ip=2a09:bac1:1120:30::d8:1fa status=200
2026-02-24T19:28:18.712Z [INFO]: [AUTH_FIRST_LINK] Primeiro uso: vinculou hwid + discord | reqId=8afc1123-ab28-4789-b6ef-df36220fc084 ip=2a09:bac1:1120:30::d8:1fa status=200
2026-02-24T19:28:18.987Z [INFO]: [AUTH_SUCCESS] Login autorizado | reqId=8afc1123-ab28-4789-b6ef-df36220fc084 ip=2a09:bac1:1120:30::d8:1fa status=200
2026-02-24T19:38:07.793Z [INFO]: [AUTH_SUCCESS] Login autorizado | reqId=675b1e88-2379-4969-8943-26618342b0c9 ip=2a09:bac1:1120:30::d8:1fa status=200
2026-02-24T19:38:57.567Z [INFO]: [AUTH_SUCCESS] Login autorizado | reqId=5181ec70-342e-4acf-bb9a-6b2143177874 ip=2804:908:19e8:2900:e18a:ffe2:d5d2:e91a status=200
2026-02-24T19:54:48.379Z [INFO]: [AUTH_SUCCESS] Login autorizado | reqId=efc4aad4-fcb6-4e61-a43b-862c48eb5034 ip=2a09:bac1:1120:30::d8:1fa status=200
2026-02-24T20:28:21.182Z [INFO]: [AUTH_SUCCESS] Login autorizado | reqId=28255609-69cc-4ffc-addd-8249c626abc6 ip=2a09:bac1:1120:30::d8:1fa status=200
2026-02-24T20:30:11.567Z [INFO]: [AUTH_SUCCESS] Login autorizado | reqId=2164d623-7550-4272-bcc4-c53bbe7c9af4 ip=2804:14d:328c:4f82:8437:fd40:81e4:e334 status=200
2026-02-24T20:58:06.510Z [INFO]: [AUTH_SUCCESS] Login autorizado | reqId=8d52556d-86f7-440e-8132-45eb07648ab2 ip=2a09:bac5:5af:24be::3a9:62 status=200
2026-02-24T21:11:35.976Z [INFO]: [AUTH_SUCCESS] Login autorizado | reqId=21bed797-e069-4773-9e42-2b834994e699 ip=2a09:bac5:5af:24be::3a9:62 status=200
2026-02-24T21:26:48.209Z [INFO]: [AUTH_SUCCESS] Login autorizado | reqId=043562ae-95a8-4968-aef8-f768d6da8303 ip=2a09:bac5:5af:24be::3a9:62 status=200
2026-02-24T22:50:53.191Z [INFO]: [AUTH_SUCCESS] Login autorizado | reqId=0de876a1-fb66-4817-92b2-1ce960b35323 ip=2a09:bac5:5af:24be::3a9:62 status=200
2026-02-24T22:57:39.888Z [INFO]: [AUTH_SUCCESS] Login autorizado | reqId=6910caad-54c8-480f-873b-e4c68e2815be ip=2a09:bac5:5af:24be::3a9:62 status=200
2026-02-25T00:54:55.863Z [INFO]: [AUTH_SUCCESS] Login autorizado | reqId=d9ea2a07-c0f7-47d6-a987-54099aec1f39 ip=2804:14d:328c:4f82:8437:fd40:81e4:e334 status=200
2026-02-25T01:44:42.496Z [INFO]: [AUTH_FIRST_LINK] Primeiro uso: vinculou hwid + discord | reqId=be57278a-9078-4e96-a963-5284094fc681 ip=177.87.5.234 status=200
2026-02-25T01:44:42.772Z [INFO]: [AUTH_SUCCESS] Login autorizado | reqId=be57278a-9078-4e96-a963-5284094fc681 ip=177.87.5.234 status=200
2026-02-25T01:51:37.326Z [WARN]: [AUTH_HWID_MISMATCH] HWID divergente | reqId=27daccae-e336-48c3-bd0b-c739061f9c23 ip=177.87.5.234 status=401
2026-02-25T01:51:43.754Z [WARN]: [AUTH_HWID_MISMATCH] HWID divergente | reqId=98a1f118-1bdd-4efe-b653-d67f7dc5bd51 ip=177.87.5.234 status=401
2026-02-25T01:54:42.498Z [WARN]: [AUTH_HWID_MISMATCH] HWID divergente | reqId=ad309cf2-3bd6-4a3b-9b32-54de2290f70a ip=177.87.5.234 status=401
2026-02-25T01:54:45.579Z [WARN]: [AUTH_HWID_MISMATCH] HWID divergente | reqId=ea51fdce-7b5a-4417-86f5-bc439ebd8301 ip=177.87.5.234 status=401
2026-02-25T02:00:40.755Z [INFO]: Comando /chave executado por 85hz
2026-02-25T02:19:50.681Z [INFO]: [AUTH_FIRST_LINK] Primeiro uso: vinculou hwid + discord | reqId=09f406db-df2a-4564-8143-46953fe6ae63 ip=177.87.5.234 status=200
2026-02-25T02:19:50.957Z [INFO]: [AUTH_SUCCESS] Login autorizado | reqId=09f406db-df2a-4564-8143-46953fe6ae63 ip=177.87.5.234 status=200
2026-02-25T02:44:16.637Z [INFO]: [AUTH_SUCCESS] Login autorizado | reqId=4fcc1fd9-0b39-4532-837c-e9909e806922 ip=207.248.7.192 status=200
2026-02-25T03:07:33.933Z [INFO]: [AUTH_SUCCESS] Login autorizado | reqId=4019e5a0-483e-42fa-81e1-424f6befb926 ip=207.248.7.192 status=200
2026-02-25T03:13:43.163Z [INFO]: [AUTH_SUCCESS] Login autorizado | reqId=47214680-de8d-4a73-b1dc-d6827e62bb5f ip=207.248.7.192 status=200
2026-02-25T03:14:21.170Z [INFO]: [AUTH_SUCCESS] Login autorizado | reqId=81d12850-53c1-4234-93db-fd4da3113315 ip=207.248.7.192 status=200
2026-02-25T03:20:31.240Z [INFO]: [AUTH_SUCCESS] Login autorizado | reqId=33a1d49b-c494-4b91-85be-c10333391585 ip=207.248.7.192 status=200
2026-02-25T03:20:41.969Z [INFO]: [AUTH_SUCCESS] Login autorizado | reqId=f98dbdbb-ae74-426f-b3ce-0c0c43c597a9 ip=207.248.7.192 status=200
2026-02-25T03:22:17.138Z [INFO]: [AUTH_SUCCESS] Login autorizado | reqId=e6c15683-e020-4d7d-a383-b35ec4a0f1a7 ip=207.248.7.192 status=200
2026-02-25T03:24:13.250Z [INFO]: [AUTH_SUCCESS] Login autorizado | reqId=046843af-15d1-4d35-b6db-9144320a4d4f ip=207.248.7.192 status=200
2026-02-25T03:26:39.264Z [INFO]: [AUTH_SUCCESS] Login autorizado | reqId=4d40fd1f-f897-47ea-a349-bb5c42d2a5ea ip=207.248.7.192 status=200
2026-02-25T03:36:01.676Z [INFO]: [AUTH_SUCCESS] Login autorizado | reqId=d95bb518-e25c-404e-9617-708463bf71c5 ip=207.248.7.192 status=200
2026-02-25T04:34:01.448Z [INFO]: [AUTH_SUCCESS] Login autorizado | reqId=29074e8d-d1c3-4377-b344-0ad315d606a6 ip=187.45.47.47 status=200
2026-02-25T05:40:50.635Z [WARN]: ready.refreshStats falhou: Socket 'secureConnect' timed out after 30087ms (connectTimeoutMS: 30000)
2026-02-25T12:51:18.252Z [INFO]: [AUTH_SUCCESS] Login autorizado | reqId=0c4eaea2-d4cf-4769-a293-d49924c44cb1 ip=45.172.120.25 status=200
2026-02-25T15:26:06.574Z [WARN]: [ADMIN_KEYS_CREATE] Created 1 key(s) | reqId=2bc3aa26-0f9e-44e7-b350-616cd368667c ip=2804:79d4:9200:10c:c854:ac99:7c6a:43dc status=200
2026-02-25T15:26:16.236Z [WARN]: [DISCORD_PROFILE_FETCH_FAIL] Discord API 400: {"message": "Invalid Form Body", "code": 50035, "errors": {"user_id": {"_errors": [{"code": "NUMBER_TYPE_COERCE", "message": "Value \"overlay\" is not snowflake."}]}}} | reqId=3be79532-6f1a-4e28-9eb9-3adb91af23d4 ip=2804:79d4:9200:10c:c854:ac99:7c6a:43dc status=200
2026-02-25T15:26:16.379Z [INFO]: [AUTH_FIRST_LINK] Primeiro uso: vinculou hwid + discord | reqId=3be79532-6f1a-4e28-9eb9-3adb91af23d4 ip=2804:79d4:9200:10c:c854:ac99:7c6a:43dc status=200
2026-02-25T15:26:16.562Z [WARN]: [DISCORD_PROFILE_SYNC_FAIL] Falhou ao sincronizar perfil do Discord (primeiro login) | reqId=3be79532-6f1a-4e28-9eb9-3adb91af23d4 ip=2804:79d4:9200:10c:c854:ac99:7c6a:43dc status=200
2026-02-25T15:26:16.701Z [INFO]: [AUTH_SUCCESS] Login autorizado | reqId=3be79532-6f1a-4e28-9eb9-3adb91af23d4 ip=2804:79d4:9200:10c:c854:ac99:7c6a:43dc status=200
2026-02-25T15:28:31.819Z [INFO]: [AUTH_SUCCESS] Login autorizado | reqId=bdf4f7b6-3c17-4f2b-8829-b7dfb58a85d4 ip=2804:79d4:9200:10c:c854:ac99:7c6a:43dc status=200
2026-02-25T15:31:36.568Z [INFO]: [AUTH_SUCCESS] Login autorizado | reqId=00af7080-be07-4099-9c17-c59c57b9d549 ip=2804:79d4:9200:10c:c854:ac99:7c6a:43dc status=200
2026-02-25T15:35:37.591Z [INFO]: [AUTH_SUCCESS] Login autorizado | reqId=c0c252dd-381e-4826-a2eb-b7d627cf3c2c ip=2804:79d4:9200:10c:c854:ac99:7c6a:43dc status=200
2026-02-25T15:39:14.636Z [INFO]: [AUTH_SUCCESS] Login autorizado | reqId=59316d7f-e651-454c-84ac-7afa6b6c108d ip=207.248.7.192 status=200
2026-02-25T15:39:52.432Z [INFO]: [AUTH_SUCCESS] Login autorizado | reqId=7365bdf3-fd37-4a74-847f-c288d4ce3348 ip=207.248.7.192 status=200
2026-02-25T15:43:30.521Z [INFO]: [AUTH_SUCCESS] Login autorizado | reqId=3b44609d-232a-4471-b210-5e51e1bbed5e ip=207.248.7.192 status=200
2026-02-25T15:43:48.848Z [INFO]: [AUTH_SUCCESS] Login autorizado | reqId=6d0b234f-b5a1-49d1-80c1-d0a2c71680aa ip=2804:14d:328c:4f82:8437:fd40:81e4:e334 status=200
2026-02-25T15:47:03.732Z [INFO]: [AUTH_SUCCESS] Login autorizado | reqId=5dc8d89f-5eb6-4d9d-a52f-49e7c047b9c6 ip=2804:14d:328c:4f82:8437:fd40:81e4:e334 status=200
2026-02-25T15:47:30.842Z [INFO]: [AUTH_SUCCESS] Login autorizado | reqId=fea47984-b483-4ba8-99b9-c5d9db3acc5e ip=207.248.7.192 status=200
2026-02-25T15:48:23.933Z [INFO]: [AUTH_SUCCESS] Login autorizado | reqId=086bf64b-12a8-4399-87b5-7c50bb648ae1 ip=207.248.7.192 status=200
2026-02-25T15:58:03.928Z [INFO]: [AUTH_SUCCESS] Login autorizado | reqId=270c520a-a148-45a1-acdf-ef3ff7856b1b ip=2804:14d:328c:4f82:8437:fd40:81e4:e334 status=200
2026-02-25T16:01:57.923Z [INFO]: [AUTH_SUCCESS] Login autorizado | reqId=c1adc907-66cf-4826-a866-711fa347f31a ip=2804:14d:328c:4f82:8437:fd40:81e4:e334 status=200
2026-02-25T16:54:18.524Z [INFO]: [AUTH_SUCCESS] Login autorizado | reqId=1e4ebdbf-54dd-4902-b059-065935919769 ip=2804:908:19e8:2900:25c9:851:6c95:3136 status=200
2026-02-25T17:05:41.311Z [INFO]: [AUTH_SUCCESS] Login autorizado | reqId=e2ed596d-3a5e-4ba4-8e34-d63d25d71e6c ip=2804:908:19e8:2900:25c9:851:6c95:3136 status=200
2026-02-25T17:13:24.229Z [INFO]: [AUTH_SUCCESS] Login autorizado | reqId=6296ae52-ee5f-475e-9a91-3d4cff43700e ip=2804:908:19e8:2900:25c9:851:6c95:3136 status=200
2026-02-25T17:19:42.580Z [INFO]: [AUTH_SUCCESS] Login autorizado | reqId=d6224adb-4742-4355-b2ae-ba734dc39050 ip=207.248.7.192 status=200
2026-02-25T17:21:49.923Z [INFO]: [AUTH_SUCCESS] Login autorizado | reqId=1ac11e55-713f-4f65-8d82-b1672b4d99d2 ip=2804:908:19e8:2900:25c9:851:6c95:3136 status=200
2026-02-25T17:37:34.890Z [INFO]: [AUTH_SUCCESS] Login autorizado | reqId=78b3ed09-bda0-4a02-a858-71ef31eb0a72 ip=2804:908:19e8:2900:25c9:851:6c95:3136 status=200
2026-02-25T17:39:11.065Z [INFO]: [AUTH_SUCCESS] Login autorizado | reqId=65646a7d-b3dc-4f76-bc56-f48cb6beec14 ip=2804:14d:328c:4f82:8437:fd40:81e4:e334 status=200
2026-02-25T17:57:43.413Z [INFO]: [AUTH_SUCCESS] Login autorizado | reqId=597d682b-e081-4386-83a1-66998fc6e893 ip=2804:14d:3280:4e23:c570:fc9e:5202:878a status=200
2026-02-25T18:28:15.526Z [INFO]: [AUTH_SUCCESS] Login autorizado | reqId=8901e0f0-8b2d-47c9-be81-47ba3108eeef ip=45.172.120.25 status=200
2026-02-25T19:27:43.730Z [INFO]: [AUTH_SUCCESS] Login autorizado | reqId=ec5c60e7-2984-45e2-8a63-eb2b694a5046 ip=2804:14d:3280:4e23:c570:fc9e:5202:878a status=200
2026-02-25T19:37:24.547Z [INFO]: [AUTH_SUCCESS] Login autorizado | reqId=61724afc-634c-45b0-a9b1-d0ebb4e430ba ip=177.87.5.234 status=200
2026-02-25T19:41:15.885Z [INFO]: [AUTH_SUCCESS] Login autorizado | reqId=41436b5d-61f4-43bd-bf0e-3f51f06ca4b6 ip=177.87.5.234 status=200
2026-02-25T19:46:16.151Z [INFO]: [AUTH_SUCCESS] Login autorizado | reqId=b9e0d1d7-b7d2-4472-8b82-4596e2fa00f8 ip=2804:14d:3280:4e23:c570:fc9e:5202:878a status=200
2026-02-25T19:56:53.179Z [INFO]: [AUTH_SUCCESS] Login autorizado | reqId=66bd5360-e360-43ba-a06e-2d4efa37ade7 ip=2804:14d:328c:4f82:8437:fd40:81e4:e334 status=200
2026-02-25T19:58:11.320Z [INFO]: [AUTH_SUCCESS] Login autorizado | reqId=10c149b0-a914-48d2-9d21-9bbf1f6be419 ip=2804:908:19e8:2900:25c9:851:6c95:3136 status=200
2026-02-25T20:01:41.672Z [INFO]: [AUTH_SUCCESS] Login autorizado | reqId=57d8f1b3-d4fa-41d8-b49e-49b2b3f2ae13 ip=177.87.5.234 status=200
2026-02-25T20:03:20.502Z [INFO]: [AUTH_SUCCESS] Login autorizado | reqId=91324c1e-b182-4c89-8833-b44ab517d4cc ip=177.87.5.234 status=200
2026-02-25T20:08:36.771Z [INFO]: [AUTH_SUCCESS] Login autorizado | reqId=ab30a4f3-2f40-4f71-af0d-5f1d8a439167 ip=2804:14d:3280:4e23:c570:fc9e:5202:878a status=200
2026-02-25T20:18:41.658Z [INFO]: [AUTH_SUCCESS] Login autorizado | reqId=3848c070-01d8-4062-a994-c1ccd0e287fd ip=2804:14d:3280:4e23:c570:fc9e:5202:878a status=200
2026-02-25T20:35:26.865Z [INFO]: [AUTH_SUCCESS] Login autorizado | reqId=3a6713f1-06fd-46d6-a6ca-e28ef3856088 ip=2804:908:19e8:2900:25c9:851:6c95:3136 status=200
2026-02-25T20:41:57.416Z [INFO]: [AUTH_SUCCESS] Login autorizado | reqId=8998d79e-08e1-4333-a73d-957cd0337959 ip=2804:908:19e8:2900:25c9:851:6c95:3136 status=200
2026-02-25T20:43:28.227Z [INFO]: [AUTH_SUCCESS] Login autorizado | reqId=583f3693-eab8-4892-ae65-9fd73a04a684 ip=2804:79d4:9200:10c:e950:a182:cfa:b55e status=200
2026-02-25T20:44:23.373Z [INFO]: [AUTH_SUCCESS] Login autorizado | reqId=fb61592d-c2bb-4721-aaf1-7218c7772c8b ip=2804:79d4:9200:10c:e950:a182:cfa:b55e status=200
2026-02-25T20:52:48.552Z [INFO]: [AUTH_SUCCESS] Login autorizado | reqId=220dfd47-2d0f-409b-96c2-4cba02b4ed5d ip=2804:14d:3280:4e23:c570:fc9e:5202:878a status=200
2026-02-25T21:03:16.902Z [INFO]: [AUTH_SUCCESS] Login autorizado | reqId=be50a7ad-a2c5-4b01-98ca-4918b5a73cc0 ip=2804:79d4:9200:10c:199:11af:c970:a78c status=200
2026-02-25T21:11:11.956Z [INFO]: [AUTH_SUCCESS] Login autorizado | reqId=5f240f81-d8e6-47cc-b9c6-827f8b0762e6 ip=2804:908:19e8:2900:25c9:851:6c95:3136 status=200
2026-02-25T21:12:19.678Z [INFO]: [AUTH_SUCCESS] Login autorizado | reqId=54f284c9-c545-491e-870d-490173208715 ip=2804:79d4:9200:10c:199:11af:c970:a78c status=200
2026-02-25T21:18:04.098Z [INFO]: [AUTH_SUCCESS] Login autorizado | reqId=89a63908-222f-45cc-9af0-40cee98cee05 ip=2804:79d4:9200:10c:199:11af:c970:a78c status=200
2026-02-25T21:19:33.318Z [WARN]: [AUTH_EXPIRED] Key expirada | reqId=f7aaa025-ee84-4792-ac8d-7648bcc6eecf ip=201.33.74.113 status=401
2026-02-25T21:19:54.463Z [WARN]: [AUTH_EXPIRED] Key expirada | reqId=c53961c1-80a7-4485-a101-96b0050a688e ip=201.33.74.113 status=401
2026-02-25T21:30:34.051Z [WARN]: [AUTH_EXPIRED] Key expirada | reqId=8066e2b9-d59c-444f-9697-70e1180d7b20 ip=201.33.74.113 status=401
2026-02-25T21:30:43.533Z [WARN]: [AUTH_EXPIRED] Key expirada | reqId=9aa59822-af10-48e9-b622-d1c19fee45e5 ip=201.33.74.113 status=401
2026-02-25T21:30:51.147Z [WARN]: [AUTH_EXPIRED] Key expirada | reqId=929eb380-5743-4f52-af69-da39b2f1103d ip=201.33.74.113 status=401
2026-02-25T21:30:54.703Z [INFO]: [AUTH_SUCCESS] Login autorizado | reqId=75a364f3-5dc5-4e16-a095-4ad61b396671 ip=2804:14d:3280:4e23:c570:fc9e:5202:878a status=200
2026-02-25T21:31:18.619Z [INFO]: [AUTH_SUCCESS] Login autorizado | reqId=f5e7477c-a61f-40de-8888-dc866c9335c5 ip=207.248.7.192 status=200
2026-02-25T21:31:39.445Z [WARN]: [AUTH_EXPIRED] Key expirada | reqId=bdc5e553-fe0c-4dde-acd7-2596a4379213 ip=201.33.74.113 status=401
2026-02-25T21:40:55.946Z [WARN]: [AUTH_EXPIRED] Key expirada | reqId=01a868ce-8c53-4402-88e2-e02d2d04f6ad ip=201.33.74.113 status=401
2026-02-25T22:17:48.709Z [INFO]: [AUTH_SUCCESS] Login autorizado | reqId=d23a51a8-1407-44a6-969e-8e429e3a6c5b ip=2804:14d:3280:4e23:c570:fc9e:5202:878a status=200
2026-02-25T22:23:35.609Z [INFO]: [AUTH_SUCCESS] Login autorizado | reqId=ba1559ad-0ba9-40e8-99ed-4ea0b5a277f0 ip=2804:14d:3280:4e23:c570:fc9e:5202:878a status=200
2026-02-25T22:28:05.110Z [INFO]: [AUTH_SUCCESS] Login autorizado | reqId=748b35da-0446-437a-a130-734ca9358f16 ip=2804:14d:3280:4e23:c570:fc9e:5202:878a status=200
2026-02-25T22:32:38.310Z [INFO]: [AUTH_SUCCESS] Login autorizado | reqId=a858ce41-2b8a-4002-8f18-b5a86181a5b7 ip=2804:908:19e8:2900:25c9:851:6c95:3136 status=200
2026-02-25T22:33:32.063Z [ERROR]: [EXPRESS_ERROR] Prefixo inválido (use apenas letras A-Z, máx 20) | reqId=99cedd81-117b-4b77-a66f-b5be098624e6 ip=2804:7f0:7c80:2c2b:f84c:ec5c:db39:1e02 status=500
2026-02-25T22:33:36.664Z [ERROR]: [EXPRESS_ERROR] Prefixo inválido (use apenas letras A-Z, máx 20) | reqId=b10ed23b-e835-499a-9c16-fc24bbc4580b ip=2804:7f0:7c80:2c2b:f84c:ec5c:db39:1e02 status=500
2026-02-25T22:33:44.133Z [WARN]: [ADMIN_KEYS_CREATE] Created 1 key(s) | reqId=c81db23f-48d8-467a-9b66-cc36c0ce860b ip=2804:7f0:7c80:2c2b:f84c:ec5c:db39:1e02 status=200
2026-02-25T22:34:12.778Z [INFO]: [AUTH_FIRST_LINK] Primeiro uso: vinculou hwid + discord | reqId=9d118d90-6e29-4277-aad9-8ed9eedc3ab1 ip=2804:7f0:7c80:2c2b:f84c:ec5c:db39:1e02 status=200
2026-02-25T22:34:13.058Z [INFO]: [AUTH_SUCCESS] Login autorizado | reqId=9d118d90-6e29-4277-aad9-8ed9eedc3ab1 ip=2804:7f0:7c80:2c2b:f84c:ec5c:db39:1e02 status=200
2026-02-25T22:47:06.172Z [INFO]: [AUTH_SUCCESS] Login autorizado | reqId=2ba904fb-befc-4020-965b-e11b765c44c0 ip=2804:14d:3280:4e23:504b:4743:443:d066 status=200
2026-02-25T22:51:05.286Z [INFO]: [AUTH_SUCCESS] Login autorizado | reqId=dc580420-e237-4cf0-94b4-b68e28b549e3 ip=187.45.47.47 status=200
2026-02-25T22:53:35.334Z [INFO]: [AUTH_SUCCESS] Login autorizado | reqId=8329490f-1c8f-4e6c-9629-b0a7437da160 ip=2804:14d:3280:4e23:504b:4743:443:d066 status=200
2026-02-25T22:59:54.520Z [INFO]: [AUTH_SUCCESS] Login autorizado | reqId=6b8deb05-0ce8-4e8e-a278-eda6c200d2a7 ip=2804:908:19e8:2900:25c9:851:6c95:3136 status=200
2026-02-25T23:00:10.632Z [INFO]: [AUTH_SUCCESS] Login autorizado | reqId=93830cf9-33ef-45f4-9ebb-14efbead6547 ip=2804:7f0:7c80:2c2b:f84c:ec5c:db39:1e02 status=200
2026-02-25T23:03:45.257Z [INFO]: [AUTH_SUCCESS] Login autorizado | reqId=7b93c08a-fc84-4fc4-bfb3-f014a6aa4281 ip=2804:7f0:7c80:2c2b:f84c:ec5c:db39:1e02 status=200
2026-02-25T23:06:13.780Z [INFO]: [AUTH_SUCCESS] Login autorizado | reqId=75a6e6e5-cb02-40c7-9a83-9a814256025c ip=2804:7f0:7c80:2c2b:f84c:ec5c:db39:1e02 status=200
2026-02-25T23:09:20.923Z [WARN]: [ADMIN_KEYS_CREATE] Created 1 key(s) | reqId=0f99c711-024f-4814-b655-8cecfd4bf1e6 ip=2804:7f0:7c80:2c2b:f84c:ec5c:db39:1e02 status=200
2026-02-25T23:09:44.716Z [INFO]: [AUTH_FIRST_LINK] Primeiro uso: vinculou hwid + discord | reqId=2b7f2b50-dcba-4ec8-a563-01b128b188b0 ip=2804:7f0:7c80:2c2b:f84c:ec5c:db39:1e02 status=200
2026-02-25T23:09:44.996Z [INFO]: [AUTH_SUCCESS] Login autorizado | reqId=2b7f2b50-dcba-4ec8-a563-01b128b188b0 ip=2804:7f0:7c80:2c2b:f84c:ec5c:db39:1e02 status=200
2026-02-25T23:10:38.386Z [WARN]: [AUTH_DISCORD_MISMATCH] discordId não bate com usedBy | reqId=8b117ef5-a72e-4c75-b42f-f519f317a592 ip=2804:7f0:7c80:2c2b:f84c:ec5c:db39:1e02 status=401
2026-02-25T23:12:20.958Z [WARN]: [AUTH_DISCORD_MISMATCH] discordId não bate com usedBy | reqId=0ac7f3e9-dba6-429d-9945-290785d0a3d0 ip=2804:7f0:7c80:2c2b:f84c:ec5c:db39:1e02 status=401
2026-02-25T23:12:33.361Z [WARN]: [AUTH_DISCORD_MISMATCH] discordId não bate com usedBy | reqId=ab6d05df-fb28-42e9-beb0-c521d8fae624 ip=2804:7f0:7c80:2c2b:f84c:ec5c:db39:1e02 status=401
2026-02-25T23:12:39.046Z [INFO]: [AUTH_SUCCESS] Login autorizado | reqId=92cabafe-62fe-4bda-8989-52185661b7d6 ip=2804:7f0:7c80:2c2b:f84c:ec5c:db39:1e02 status=200
2026-02-25T23:14:17.783Z [INFO]: [AUTH_SUCCESS] Login autorizado | reqId=6be489ed-ac13-446d-a833-86fdc1beb83a ip=2804:7f0:7c80:2c2b:f84c:ec5c:db39:1e02 status=200
2026-02-25T23:18:55.549Z [INFO]: [AUTH_FIRST_LINK] Primeiro uso: vinculou hwid + discord | reqId=f0336b96-042c-46fc-8683-825c21d5435b ip=2804:7f0:7c80:2c2b:f84c:ec5c:db39:1e02 status=200
2026-02-25T23:18:55.829Z [INFO]: [AUTH_SUCCESS] Login autorizado | reqId=f0336b96-042c-46fc-8683-825c21d5435b ip=2804:7f0:7c80:2c2b:f84c:ec5c:db39:1e02 status=200
2026-02-25T23:19:59.361Z [INFO]: [AUTH_SUCCESS] Login autorizado | reqId=8d4d02a8-e2ad-406a-a333-4f41991eb6d1 ip=2804:908:19e8:2900:25c9:851:6c95:3136 status=200
2026-02-25T23:25:17.044Z [INFO]: [AUTH_SUCCESS] Login autorizado | reqId=7cc6c7dc-dee7-4f65-bec5-308e6f1e6ea6 ip=2804:908:19e8:2900:25c9:851:6c95:3136 status=200
2026-02-25T23:31:41.623Z [INFO]: [AUTH_SUCCESS] Login autorizado | reqId=c76157d0-9bbc-40b3-8e6c-223526516197 ip=2804:908:19e8:2900:25c9:851:6c95:3136 status=200
2026-02-25T23:33:01.579Z [INFO]: [AUTH_SUCCESS] Login autorizado | reqId=49f6363d-3d59-415c-a7dd-127b09a2d6a7 ip=2804:14d:3280:4e23:504b:4743:443:d066 status=200
2026-02-26T00:03:55.032Z [INFO]: [AUTH_SUCCESS] Login autorizado | reqId=9579e2ea-0fdc-4bd7-9b05-9665daaa7007 ip=2804:14d:3280:4e23:504b:4743:443:d066 status=200
2026-02-26T00:04:08.002Z [INFO]: [AUTH_SUCCESS] Login autorizado | reqId=5b8156d7-ca99-48ef-ac2b-13497a3dfeb0 ip=2804:14d:3280:4e23:504b:4743:443:d066 status=200
2026-02-26T00:28:41.736Z [WARN]: [AUTH_EXPIRED] Key expirada | reqId=199f4950-6252-4765-8202-fc63ce6df8b8 ip=201.33.74.113 status=401
2026-02-26T00:28:47.235Z [WARN]: [AUTH_EXPIRED] Key expirada | reqId=f6b65c5b-aec0-4337-868b-628786105428 ip=201.33.74.113 status=401
2026-02-26T00:29:11.819Z [WARN]: [AUTH_EXPIRED] Key expirada | reqId=1976035f-7af4-4a5c-8a5d-a428cfb3d7d5 ip=201.33.74.113 status=401
2026-02-26T00:29:18.316Z [WARN]: [AUTH_EXPIRED] Key expirada | reqId=712cf9f6-eb48-4dfa-bf24-9436687f3b89 ip=201.33.74.113 status=401
2026-02-26T00:29:18.403Z [INFO]: [AUTH_SUCCESS] Login autorizado | reqId=4a9c0c7a-d2fd-44b2-85d4-a56eaf7897b1 ip=2804:14d:3280:4e23:504b:4743:443:d066 status=200
2026-02-26T00:29:23.193Z [WARN]: [AUTH_EXPIRED] Key expirada | reqId=328344fe-6a5d-4dc9-a3a7-b03ae53a7a15 ip=201.33.74.113 status=401
2026-02-26T00:29:31.191Z [WARN]: [AUTH_EXPIRED] Key expirada | reqId=c4365c69-9df7-4f82-9066-6a307313813c ip=201.33.74.113 status=401
2026-02-26T00:30:21.186Z [INFO]: [AUTH_SUCCESS] Login autorizado | reqId=ac7dd4a4-2b38-4035-b802-cf3f17cba79e ip=2804:14d:3280:4e23:504b:4743:443:d066 status=200
2026-02-26T00:45:14.021Z [INFO]: [AUTH_SUCCESS] Login autorizado | reqId=74bad211-2312-4043-85a2-f10067886f0b ip=2804:908:19e8:2900:25c9:851:6c95:3136 status=200
2026-02-26T00:48:48.320Z [WARN]: [ADMIN_KEYS_CREATE] Created 1 key(s) | reqId=e15c860e-98cf-4d02-9c00-39ef3384bc64 ip=2804:7f0:7c80:2c2b:f84c:ec5c:db39:1e02 status=200
2026-02-26T00:49:07.507Z [INFO]: [AUTH_FIRST_LINK] Primeiro uso: vinculou hwid + discord | reqId=34aaa293-d1c0-4b00-8266-e8a5c2370af4 ip=2804:7f0:7c80:2c2b:f84c:ec5c:db39:1e02 status=200
2026-02-26T00:49:07.785Z [INFO]: [AUTH_SUCCESS] Login autorizado | reqId=34aaa293-d1c0-4b00-8266-e8a5c2370af4 ip=2804:7f0:7c80:2c2b:f84c:ec5c:db39:1e02 status=200
2026-02-26T00:51:16.388Z [INFO]: [AUTH_SUCCESS] Login autorizado | reqId=662054b2-086d-4858-9f2f-1de13955846e ip=2804:7f0:7c80:2c2b:f84c:ec5c:db39:1e02 status=200
2026-02-26T00:52:10.875Z [INFO]: [AUTH_SUCCESS] Login autorizado | reqId=56465b1b-f7c1-4b35-94ee-6dae8e39347d ip=2804:7f0:7c80:2c2b:f84c:ec5c:db39:1e02 status=200
2026-02-26T00:53:41.408Z [INFO]: [AUTH_SUCCESS] Login autorizado | reqId=f745d173-6a3d-48bd-b4df-141ba6943bef ip=2804:7f0:7c80:2c2b:f84c:ec5c:db39:1e02 status=200
2026-02-26T00:55:41.916Z [INFO]: [AUTH_SUCCESS] Login autorizado | reqId=a13580b0-a0f2-4028-8f2a-632b9f24941f ip=2804:7f0:7c80:2c2b:f84c:ec5c:db39:1e02 status=200
2026-02-26T00:59:46.004Z [INFO]: [AUTH_SUCCESS] Login autorizado | reqId=69ee6111-c57b-4ba3-9796-90b037f8b19c ip=2804:7f0:7c80:2c2b:f84c:ec5c:db39:1e02 status=200
2026-02-26T01:03:10.537Z [INFO]: [AUTH_SUCCESS] Login autorizado | reqId=ce7d8f71-9c46-4c42-80ff-54df82853dd1 ip=2804:7f0:7c80:2c2b:f84c:ec5c:db39:1e02 status=200
2026-02-26T01:04:16.045Z [INFO]: [AUTH_SUCCESS] Login autorizado | reqId=ae43c31b-e372-40f8-b992-d4366fee775b ip=2804:908:19e8:2900:25c9:851:6c95:3136 status=200
2026-02-26T01:08:41.394Z [INFO]: [AUTH_SUCCESS] Login autorizado | reqId=56e77ef1-043c-4345-bbc6-0c0d79bb401a ip=2804:14d:3280:4e23:504b:4743:443:d066 status=200
2026-02-26T01:10:24.548Z [INFO]: [AUTH_SUCCESS] Login autorizado | reqId=6f3ce249-5fdc-426c-876e-0857f84a8273 ip=2804:14d:3280:4e23:504b:4743:443:d066 status=200
2026-02-26T01:13:08.894Z [WARN]: [ADMIN_KEYS_CREATE] Created 1 key(s) | reqId=7e7b6934-7900-4548-b6dc-0f930d6e4490 ip=2804:7f0:7c80:2c2b:f84c:ec5c:db39:1e02 status=200
2026-02-26T01:14:09.535Z [INFO]: [AUTH_SUCCESS] Login autorizado | reqId=f74560dd-b40b-4bf6-92b4-c7ec6c08718d ip=2804:908:19e8:2900:25c9:851:6c95:3136 status=200
2026-02-26T01:32:08.740Z [INFO]: [AUTH_SUCCESS] Login autorizado | reqId=d20d0427-b2c3-4e5d-b789-934fb3c4a1cb ip=2804:14d:328c:4f82:9119:9e89:80f3:da41 status=200
2026-02-26T01:50:36.587Z [INFO]: [AUTH_SUCCESS] Login autorizado | reqId=6ad6382a-bc2b-4355-a9b7-72de56001c10 ip=2804:14d:328c:4f82:9119:9e89:80f3:da41 status=200
2026-02-26T02:21:08.145Z [INFO]: [AUTH_SUCCESS] Login autorizado | reqId=ba213e78-f611-4a51-abb6-8e0c8d01ca11 ip=2804:908:19e8:2900:25c9:851:6c95:3136 status=200
2026-02-26T02:34:46.862Z [INFO]: [AUTH_SUCCESS] Login autorizado | reqId=2ae76595-87f9-4e15-bda7-3715803e9ab6 ip=2804:908:19e8:2900:25c9:851:6c95:3136 status=200
2026-02-26T03:09:53.893Z [WARN]: [ADMIN_KEYS_CREATE] Created 1 key(s) | reqId=7c823d35-1924-4259-9ac8-bfca16ae4254 ip=2804:7f0:7c80:2c2b:f84c:ec5c:db39:1e02 status=200
2026-02-26T13:26:12.386Z [INFO]: [AUTH_SUCCESS] Login autorizado | reqId=b99e60d6-91ff-4807-9891-87c3206a8634 ip=2804:908:19e8:2900:71c5:1cea:b6b5:3a3f status=200
2026-02-26T13:35:13.996Z [INFO]: [AUTH_SUCCESS] Login autorizado | reqId=59c5adcb-81f6-43e5-98d2-5e90dcf8333a ip=2804:908:19e8:2900:71c5:1cea:b6b5:3a3f status=200
2026-02-26T15:34:27.565Z [WARN]: [ADMIN_KEYS_CREATE] Created 1 key(s) | reqId=4a7bb0c3-96da-4a0d-95ca-9ae9b46f8690 ip=2804:7f0:b980:94c0:8f9b:1ca7:b56a:5654 status=200
2026-02-26T17:11:19.476Z [INFO]: [AUTH_SUCCESS] Login autorizado | reqId=c2f97307-3313-49b8-ace7-0bc832542057 ip=2804:908:19e8:2900:71c5:1cea:b6b5:3a3f status=200
2026-02-26T17:28:25.664Z [INFO]: [AUTH_SUCCESS] Login autorizado | reqId=e8581def-4fe3-4100-a07d-f104d9e7d81c ip=177.87.13.18 status=200
2026-02-26T17:46:40.633Z [INFO]: [AUTH_SUCCESS] Login autorizado | reqId=0cca7822-b88a-4e45-89a0-8c4ca7a3545e ip=2804:908:19e8:2900:71c5:1cea:b6b5:3a3f status=200
2026-02-26T17:52:37.316Z [INFO]: [AUTH_SUCCESS] Login autorizado | reqId=1ad46fc8-d866-4e0c-af8c-1aa256530f6b ip=2804:14d:328c:4f82:9119:9e89:80f3:da41 status=200
2026-02-26T18:18:47.373Z [INFO]: [AUTH_SUCCESS] Login autorizado | reqId=23a90331-27fd-4a45-b5cf-7f7769ab4e61 ip=2804:908:19e8:2900:71c5:1cea:b6b5:3a3f status=200
2026-02-26T18:38:13.880Z [INFO]: [AUTH_SUCCESS] Login autorizado | reqId=e223d744-b8bf-457f-a7cb-369d7deebeea ip=2804:908:19e8:2900:71c5:1cea:b6b5:3a3f status=200
2026-02-26T18:43:10.750Z [INFO]: [AUTH_SUCCESS] Login autorizado | reqId=40478a04-d9d7-4340-b2b3-b90a2bfc99f8 ip=45.172.120.25 status=200
2026-02-26T18:44:07.672Z [INFO]: [AUTH_SUCCESS] Login autorizado | reqId=5d9684a5-b4cc-490d-b92a-3bff894069ea ip=2804:908:19e8:2900:71c5:1cea:b6b5:3a3f status=200
2026-02-26T19:51:50.095Z [INFO]: [AUTH_SUCCESS] Login autorizado | reqId=72db1b2c-7613-49e4-b803-e300ff7912bc ip=2804:908:19e8:2900:71c5:1cea:b6b5:3a3f status=200
2026-02-26T19:58:24.141Z [INFO]: [AUTH_SUCCESS] Login autorizado | reqId=0ef9509e-514b-4374-8a0a-576c6739160a ip=2804:908:19e8:2900:71c5:1cea:b6b5:3a3f status=200
2026-02-26T20:12:08.059Z [INFO]: [AUTH_SUCCESS] Login autorizado | reqId=b9ce2875-ebb3-4b7c-949a-3d3c00983792 ip=187.45.47.47 status=200
2026-02-26T20:15:42.982Z [INFO]: [AUTH_SUCCESS] Login autorizado | reqId=8def040b-f5c9-4a4b-b214-b1ae2e02da3e ip=2804:908:19e8:2900:71c5:1cea:b6b5:3a3f status=200
2026-02-26T20:35:14.268Z [INFO]: [AUTH_SUCCESS] Login autorizado | reqId=17098faa-d120-46a8-9c57-32fef7decf45 ip=187.45.47.47 status=200
2026-02-26T20:35:23.654Z [INFO]: [AUTH_SUCCESS] Login autorizado | reqId=917bba37-a03d-4106-9873-415060012e21 ip=2a09:bac5:5ad:24be::3a9:99 status=200
2026-02-26T20:42:27.895Z [INFO]: [AUTH_SUCCESS] Login autorizado | reqId=e1a4f5e4-9c6f-42cb-b15e-f4052627872e ip=2804:908:19e8:2900:71c5:1cea:b6b5:3a3f status=200
2026-02-26T20:50:17.450Z [INFO]: [AUTH_SUCCESS] Login autorizado | reqId=28cfeb37-7fe7-4f4e-a2d0-e4b56598360b ip=2a09:bac5:5ad:24be::3a9:99 status=200
2026-02-26T20:52:03.824Z [INFO]: [AUTH_SUCCESS] Login autorizado | reqId=f1a80056-c5c9-4cf4-9880-b8baa2da1dbd ip=2a09:bac5:5ad:24be::3a9:99 status=200
2026-02-26T20:55:14.503Z [INFO]: [AUTH_SUCCESS] Login autorizado | reqId=208941ab-b348-437d-83d8-5fef77f01cf2 ip=2804:14d:328c:4f82:9119:9e89:80f3:da41 status=200
2026-02-26T21:04:18.360Z [INFO]: [AUTH_SUCCESS] Login autorizado | reqId=d8d30b65-c37e-4890-b21e-e107c1185daa ip=2804:908:19e8:2900:71c5:1cea:b6b5:3a3f status=200
2026-02-26T21:04:48.873Z [INFO]: DLL RAGE atualizado por 85hz
2026-02-26T21:04:49.788Z [INFO]: Comando /update-mod executado por 85hz
2026-02-26T21:04:53.791Z [INFO]: DLL SAFE atualizado por 85hz
2026-02-26T21:04:54.113Z [INFO]: Comando /update-mod executado por 85hz
2026-02-26T21:05:59.220Z [INFO]: [AUTH_SUCCESS] Login autorizado | reqId=c8397d2e-0437-4894-a873-199ebd45117e ip=187.45.47.47 status=200
2026-02-26T21:13:29.835Z [INFO]: [AUTH_SUCCESS] Login autorizado | reqId=c58a5911-fa03-432d-9c1b-c5bf1cf09c07 ip=187.45.47.47 status=200
2026-02-26T21:15:22.427Z [INFO]: DLL RAGE atualizado por 85hz
2026-02-26T21:15:22.603Z [INFO]: Comando /update-mod executado por 85hz
2026-02-26T21:15:27.887Z [INFO]: DLL SAFE atualizado por 85hz
2026-02-26T21:15:28.076Z [INFO]: Comando /update-mod executado por 85hz
2026-02-26T21:16:25.496Z [INFO]: [AUTH_SUCCESS] Login autorizado | reqId=d27c6346-ce38-4165-bf28-1443ee22b629 ip=187.45.47.47 status=200
2026-02-26T22:41:01.178Z [INFO]: [AUTH_SUCCESS] Login autorizado | reqId=85ec4c04-2d2c-4e48-b573-084a61580cf9 ip=2804:908:19e8:2900:71c5:1cea:b6b5:3a3f status=200
2026-02-26T23:01:47.513Z [WARN]: [ADMIN_KEYS_CREATE] Created 1 key(s) | reqId=7a08010c-abd2-497d-8519-b42748e5fb18 ip=2804:79d4:9200:10c:6c79:e284:8c1:9a61 status=200
2026-02-26T23:10:32.703Z [WARN]: [ADMIN_KEYS_CREATE] Created 1 key(s) | reqId=775f28c0-f546-4770-9de7-99d7f7e923d1 ip=207.248.7.194 status=200
2026-02-26T23:25:29.069Z [WARN]: [ADMIN_KEYS_CREATE] Created 1 key(s) | reqId=1cf17060-24a8-44c0-a8f1-7f4147c945fe ip=207.248.7.194 status=200
2026-02-26T23:25:36.609Z [WARN]: [DISCORD_PROFILE_FETCH_FAIL] Discord API 400: {"message": "Invalid Form Body", "code": 50035, "errors": {"user_id": {"_errors": [{"code": "NUMBER_TYPE_COERCE", "message": "Value \"overlay\" is not snowflake."}]}}} | reqId=b20d6977-0094-4609-91e9-7a76b1251c08 ip=207.248.7.194 status=200
2026-02-26T23:25:36.755Z [INFO]: [AUTH_FIRST_LINK] Primeiro uso: vinculou hwid + discord | reqId=b20d6977-0094-4609-91e9-7a76b1251c08 ip=207.248.7.194 status=200
2026-02-26T23:25:36.943Z [WARN]: [DISCORD_PROFILE_SYNC_FAIL] Falhou ao sincronizar perfil do Discord (primeiro login) | reqId=b20d6977-0094-4609-91e9-7a76b1251c08 ip=207.248.7.194 status=200
2026-02-26T23:25:37.085Z [INFO]: [AUTH_SUCCESS] Login autorizado | reqId=b20d6977-0094-4609-91e9-7a76b1251c08 ip=207.248.7.194 status=200
2026-02-27T00:54:11.538Z [INFO]: [AUTH_SUCCESS] Login autorizado | reqId=bfa2adca-93a6-4edf-9c9f-f66b0b8c9f49 ip=191.183.40.104 status=200
2026-02-27T01:02:29.309Z [INFO]: [AUTH_SUCCESS] Login autorizado | reqId=87b2def8-908b-4315-9419-0a0a9a4c8d63 ip=2804:14d:3280:4e23:84ff:16d9:9efc:d627 status=200
2026-02-27T01:03:22.000Z [INFO]: [AUTH_SUCCESS] Login autorizado | reqId=bf7ddd4f-deff-4bc9-8709-3ac6ac6ea2c1 ip=2804:14d:3280:4e23:84ff:16d9:9efc:d627 status=200
2026-02-27T01:14:32.631Z [INFO]: [AUTH_SUCCESS] Login autorizado | reqId=201c28dc-34dc-4f4e-b73b-244f743873cb ip=191.183.40.104 status=200
2026-02-27T01:16:51.352Z [INFO]: [AUTH_SUCCESS] Login autorizado | reqId=3682d0f1-2957-4ac9-9675-ffa9512b0cf8 ip=191.183.40.104 status=200
2026-02-27T02:00:28.643Z [WARN]: [ADMIN_KEYS_CREATE] Created 1 key(s) | reqId=448c34f9-afd3-4902-bc02-4ffc49cc42fc ip=207.248.7.194 status=200
2026-02-27T02:01:18.748Z [WARN]: [ADMIN_PRODUCT_CREATE] Product created | reqId=1cc5c1b0-96a4-46b8-b514-5c7307804e15 ip=207.248.7.194 status=200
2026-02-27T02:01:37.057Z [WARN]: [ADMIN_KEYS_CREATE] Created 1 key(s) | reqId=1a0d3b67-9ca7-4d24-9908-21a0efad4fb4 ip=207.248.7.194 status=200
2026-02-27T02:02:09.793Z [WARN]: [ADMIN_KEYS_CREATE] Created 1 key(s) | reqId=c304784f-1ff7-4f00-82b3-ced2ce94f601 ip=207.248.7.194 status=200
2026-02-27T02:02:43.361Z [WARN]: [ADMIN_KEYS_CREATE] Created 1 key(s) | reqId=e67b7837-05ec-4cbb-995e-bdeea938c3d3 ip=207.248.7.194 status=200
2026-02-27T02:03:13.873Z [INFO]: [AUTH_SUCCESS] Login autorizado | reqId=e71bf34e-3457-4a59-ba9b-3fbdb950e40d ip=191.183.40.104 status=200
2026-02-27T02:06:19.527Z [WARN]: [DISCORD_PROFILE_FETCH_FAIL] Discord API 400: {"message": "Invalid Form Body", "code": 50035, "errors": {"user_id": {"_errors": [{"code": "NUMBER_TYPE_COERCE", "message": "Value \"overlay\" is not snowflake."}]}}} | reqId=28ceaccd-fcba-4d72-8d99-3138fd771b93 ip=207.248.7.194 status=200
2026-02-27T02:06:19.672Z [INFO]: [AUTH_FIRST_LINK] Primeiro uso: vinculou hwid + discord | reqId=28ceaccd-fcba-4d72-8d99-3138fd771b93 ip=207.248.7.194 status=200
2026-02-27T02:06:19.872Z [WARN]: [DISCORD_PROFILE_SYNC_FAIL] Falhou ao sincronizar perfil do Discord (primeiro login) | reqId=28ceaccd-fcba-4d72-8d99-3138fd771b93 ip=207.248.7.194 status=200
2026-02-27T02:06:20.011Z [INFO]: [AUTH_SUCCESS] Login autorizado | reqId=28ceaccd-fcba-4d72-8d99-3138fd771b93 ip=207.248.7.194 status=200
2026-02-27T02:10:31.329Z [INFO]: [AUTH_SUCCESS] Login autorizado | reqId=52385e90-f826-444c-94a7-5a45ed2a0655 ip=191.183.40.104 status=200
2026-02-27T03:40:33.144Z [WARN]: [DISCORD_PROFILE_FETCH_FAIL] Discord API 400: {"message": "Invalid Form Body", "code": 50035, "errors": {"user_id": {"_errors": [{"code": "NUMBER_TYPE_COERCE", "message": "Value \"overlay\" is not snowflake."}]}}} | reqId=9a6ca192-19f0-47f3-8b10-76fc0bac3ced ip=207.248.7.177 status=200
2026-02-27T03:40:33.287Z [INFO]: [AUTH_FIRST_LINK] Primeiro uso: vinculou hwid + discord | reqId=9a6ca192-19f0-47f3-8b10-76fc0bac3ced ip=207.248.7.177 status=200
2026-02-27T03:40:33.488Z [WARN]: [DISCORD_PROFILE_SYNC_FAIL] Falhou ao sincronizar perfil do Discord (primeiro login) | reqId=9a6ca192-19f0-47f3-8b10-76fc0bac3ced ip=207.248.7.177 status=200
2026-02-27T03:40:33.627Z [INFO]: [AUTH_SUCCESS] Login autorizado | reqId=9a6ca192-19f0-47f3-8b10-76fc0bac3ced ip=207.248.7.177 status=200
2026-02-27T11:30:55.892Z [INFO]: [AUTH_SUCCESS] Login autorizado | reqId=14bbe6c9-c9f2-4fed-b85d-38d29ddc2848 ip=181.232.209.41 status=200
2026-02-27T11:32:56.999Z [INFO]: [AUTH_SUCCESS] Login autorizado | reqId=89e18f21-a8c8-4d2f-924f-278586ccc68f ip=181.232.209.41 status=200
2026-02-27T12:05:03.526Z [INFO]: [AUTH_SUCCESS] Login autorizado | reqId=476d9583-32ed-4386-b9c0-29f393071f7a ip=181.232.209.41 status=200
2026-02-27T12:08:07.387Z [INFO]: [AUTH_SUCCESS] Login autorizado | reqId=a08ebf75-13a9-4165-9cda-909b05aee86f ip=181.232.209.41 status=200
2026-02-27T12:33:43.229Z [INFO]: [AUTH_SUCCESS] Login autorizado | reqId=38dae3c7-0172-4a3a-a951-fcfe2d61a665 ip=2804:61c0:b85:ef00:49d7:4e95:d02e:3fca status=200
2026-02-27T12:39:26.016Z [INFO]: [AUTH_SUCCESS] Login autorizado | reqId=b1725857-25ec-4184-a9b8-24b84e42dfea ip=2804:61c0:b85:ef00:49d7:4e95:d02e:3fca status=200
2026-02-27T14:16:11.468Z [INFO]: [AUTH_SUCCESS] Login autorizado | reqId=31e4b561-a940-4169-a906-56eccb99b6f0 ip=181.232.209.41 status=200
2026-02-27T14:19:08.133Z [INFO]: [AUTH_SUCCESS] Login autorizado | reqId=5c426bb3-86ec-44a9-a393-1d5e597bcb3d ip=181.232.209.41 status=200
2026-02-27T14:20:57.422Z [INFO]: [AUTH_SUCCESS] Login autorizado | reqId=7b1da030-18de-4887-9617-57d395f7767e ip=181.232.209.41 status=200
2026-02-27T16:13:03.298Z [INFO]: [AUTH_SUCCESS] Login autorizado | reqId=9db16309-2c42-4822-8b30-a7f9ab4ff19f ip=187.45.47.47 status=200
2026-02-27T16:30:38.053Z [INFO]: [AUTH_SUCCESS] Login autorizado | reqId=aca45d37-eb61-4dc4-99ae-4de2f7fe23ac ip=2804:908:191f:b400:d90f:a0bb:95f8:8b04 status=200
2026-02-27T16:45:25.392Z [INFO]: [AUTH_SUCCESS] Login autorizado | reqId=980e8461-00de-44fe-bd70-8a1515c8a431 ip=2804:908:191f:b400:d90f:a0bb:95f8:8b04 status=200
2026-02-27T16:49:01.452Z [INFO]: [AUTH_SUCCESS] Login autorizado | reqId=5c4cab5f-fa6a-41a2-9ec8-ffaf35ff9951 ip=2804:14d:328c:4f82:79a4:b3d4:31c0:8555 status=200
2026-02-27T16:59:47.716Z [INFO]: [AUTH_SUCCESS] Login autorizado | reqId=9d423860-fb59-4a6a-a1ec-471c67002f93 ip=2804:908:191f:b400:d90f:a0bb:95f8:8b04 status=200
2026-02-27T17:09:32.409Z [WARN]: [AUTH_EXPIRED] Key expirada | reqId=a4d415d7-7202-4ba9-84ea-7321a9b507e0 ip=201.33.74.113 status=401
2026-02-27T17:09:42.236Z [WARN]: [AUTH_EXPIRED] Key expirada | reqId=4ba07d3d-cb29-47b1-bdb5-dcb58c7db600 ip=201.33.74.113 status=401
2026-02-27T17:21:58.810Z [INFO]: [AUTH_SUCCESS] Login autorizado | reqId=317d0b4e-bcb6-4f6b-85cd-1e4b0b17be72 ip=2804:908:191f:b400:d90f:a0bb:95f8:8b04 status=200
2026-02-27T17:53:11.241Z [INFO]: [AUTH_SUCCESS] Login autorizado | reqId=e4c70386-7755-4487-8825-4219ce7e973d ip=2804:14d:328c:4f82:79a4:b3d4:31c0:8555 status=200
2026-02-27T17:56:36.254Z [INFO]: [AUTH_SUCCESS] Login autorizado | reqId=1e7e90ed-793d-49cd-ac70-55613ebef19f ip=2804:908:191f:b400:d90f:a0bb:95f8:8b04 status=200
2026-02-27T18:04:03.982Z [INFO]: [AUTH_SUCCESS] Login autorizado | reqId=2b6fa851-c251-49ca-89e5-e7c9be1cf6a3 ip=2804:14d:3280:4e23:c9e2:8844:161b:64ff status=200
2026-02-27T18:04:51.809Z [INFO]: [AUTH_SUCCESS] Login autorizado | reqId=553c7cef-fad3-4ae4-8972-64211079c394 ip=2804:14d:3280:4e23:c9e2:8844:161b:64ff status=200
2026-02-27T18:19:28.795Z [INFO]: [AUTH_SUCCESS] Login autorizado | reqId=78c8bfd7-5eef-456e-beb4-61962b0e46a5 ip=2804:14d:328c:4f82:79a4:b3d4:31c0:8555 status=200
2026-02-27T18:32:03.950Z [INFO]: [AUTH_SUCCESS] Login autorizado | reqId=30d40fb7-0067-4654-be8d-11b5d31a164f ip=2804:14d:328c:4f82:79a4:b3d4:31c0:8555 status=200
2026-02-27T18:34:28.876Z [INFO]: [AUTH_SUCCESS] Login autorizado | reqId=415012f0-6091-46ed-b9e7-50864e767b06 ip=2804:908:191f:b400:d90f:a0bb:95f8:8b04 status=200
2026-02-27T18:42:56.196Z [INFO]: [AUTH_SUCCESS] Login autorizado | reqId=2ef48c7c-358c-40a2-ba32-d7bb2c4b0c55 ip=2804:908:191f:b400:d90f:a0bb:95f8:8b04 status=200
2026-02-27T18:49:23.795Z [WARN]: [ADMIN_KEYS_CREATE] Created 1 key(s) | reqId=6c892d3f-a65b-41fa-b11b-70b4a834e79e ip=187.45.47.47 status=200
2026-02-27T18:49:41.273Z [WARN]: [ADMIN_KEYS_CREATE] Created 1 key(s) | reqId=f48c7bad-ab22-4a35-b165-611a2d7d8db1 ip=187.45.47.47 status=200
2026-02-27T18:50:18.510Z [WARN]: [ADMIN_KEYS_CREATE] Created 1 key(s) | reqId=6819f70a-fbbf-44f6-8004-135163ff8af0 ip=187.45.47.47 status=200
2026-02-27T18:51:05.591Z [WARN]: [ADMIN_KEYS_CREATE] Created 1 key(s) | reqId=a83026a4-dbee-4bec-b572-2756cdbd871d ip=187.45.47.47 status=200
2026-02-27T18:53:58.930Z [INFO]: [AUTH_SUCCESS] Login autorizado | reqId=41e578cc-1a00-49ec-804d-896f1f38d6c5 ip=2804:908:191f:b400:d90f:a0bb:95f8:8b04 status=200
2026-02-27T18:55:48.725Z [INFO]: [AUTH_FIRST_LINK] Primeiro uso: vinculou hwid + discord | reqId=6bc4d125-f03b-4442-bce2-73f3cbcb6b6d ip=201.33.74.113 status=200
2026-02-27T18:55:49.007Z [INFO]: [AUTH_SUCCESS] Login autorizado | reqId=6bc4d125-f03b-4442-bce2-73f3cbcb6b6d ip=201.33.74.113 status=200
2026-02-27T18:58:12.861Z [INFO]: [AUTH_SUCCESS] Login autorizado | reqId=6614d48d-3601-4bf6-9faf-3e9488063fe2 ip=2804:908:191f:b400:d90f:a0bb:95f8:8b04 status=200
2026-02-27T19:03:04.035Z [INFO]: [AUTH_SUCCESS] Login autorizado | reqId=9e6c922d-4ff9-4a5d-9a28-e482b95f82af ip=181.232.209.77 status=200
2026-02-27T19:12:17.286Z [INFO]: [AUTH_SUCCESS] Login autorizado | reqId=734a9ca9-e083-4dcb-8347-7496e5c82df1 ip=2804:14d:328c:4f82:79a4:b3d4:31c0:8555 status=200
2026-02-27T19:32:33.687Z [INFO]: [AUTH_SUCCESS] Login autorizado | reqId=66248686-dec9-4828-8552-0244909fc31a ip=2804:14d:328c:4f82:79a4:b3d4:31c0:8555 status=200
2026-02-27T19:35:09.951Z [INFO]: [AUTH_SUCCESS] Login autorizado | reqId=1591791a-36d7-4893-a6c8-e708a66f431d ip=2804:14d:3280:4e23:c9e2:8844:161b:64ff status=200
2026-02-27T19:35:19.005Z [INFO]: [AUTH_SUCCESS] Login autorizado | reqId=1d20787a-edee-4894-934f-df7c47ca4a44 ip=2804:14d:328c:4f82:79a4:b3d4:31c0:8555 status=200
2026-02-27T19:35:47.278Z [INFO]: [AUTH_SUCCESS] Login autorizado | reqId=4ecd0ed0-f533-4289-ad00-f64948407872 ip=2804:14d:3280:4e23:c9e2:8844:161b:64ff status=200
2026-02-27T19:45:39.979Z [INFO]: [AUTH_SUCCESS] Login autorizado | reqId=e3665458-ab50-4e62-a132-f2c456fa3e9b ip=2804:908:191f:b400:d90f:a0bb:95f8:8b04 status=200
2026-02-27T20:14:41.533Z [INFO]: [AUTH_SUCCESS] Login autorizado | reqId=a7b2d379-a45d-4326-bf52-2061fcc44068 ip=181.232.209.77 status=200
2026-02-27T20:27:15.723Z [INFO]: [AUTH_SUCCESS] Login autorizado | reqId=bf4710b6-9a51-4457-bc06-f3f2b8521fa9 ip=2804:908:191f:b400:d90f:a0bb:95f8:8b04 status=200
2026-02-27T20:30:00.816Z [INFO]: [AUTH_SUCCESS] Login autorizado | reqId=29151adc-8259-4728-b3fb-5dbd6a88164a ip=181.232.209.77 status=200
2026-02-27T20:51:10.949Z [INFO]: [AUTH_SUCCESS] Login autorizado | reqId=7a9a4d74-f130-4584-8a81-9aa63928bdc4 ip=2804:14d:328c:4f82:7118:7434:9924:dbb4 status=200
2026-02-27T20:53:32.031Z [INFO]: [AUTH_SUCCESS] Login autorizado | reqId=a805fe73-3fc9-4766-83e0-7cfee35f863f ip=2804:14d:3280:4e23:c9e2:8844:161b:64ff status=200
2026-02-27T20:54:28.222Z [INFO]: [AUTH_SUCCESS] Login autorizado | reqId=f1c48505-cbcc-407f-aabf-d3fe96993486 ip=2804:14d:3280:4e23:c9e2:8844:161b:64ff status=200
2026-02-27T21:03:30.465Z [INFO]: [AUTH_SUCCESS] Login autorizado | reqId=ae9eac30-9c34-4b24-bd49-b043a05c8944 ip=2804:14d:3280:4e23:c9e2:8844:161b:64ff status=200
2026-02-27T21:04:12.545Z [INFO]: [AUTH_SUCCESS] Login autorizado | reqId=38123c82-e36b-4fcc-bb05-1ec10575bd01 ip=2804:14d:3280:4e23:c9e2:8844:161b:64ff status=200
2026-02-27T23:23:40.250Z [INFO]: Conectado ao MongoDB com sucesso
2026-02-27T23:23:40.271Z [INFO]: Evento interactionCreate carregado com sucesso
2026-02-27T23:23:40.279Z [INFO]: Evento ready carregado com sucesso
2026-02-27T23:23:40.292Z [INFO]: Comando /ativos carregado com sucesso
2026-02-27T23:23:40.299Z [INFO]: Comando /censura carregado com sucesso
2026-02-27T23:23:40.321Z [INFO]: Comando /id carregado com sucesso
2026-02-27T23:23:40.339Z [INFO]: Comando /chave carregado com sucesso
2026-02-27T23:23:40.347Z [INFO]: Comando /manutencao carregado com sucesso
2026-02-27T23:23:40.357Z [INFO]: Comando /produto carregado com sucesso
2026-02-27T23:23:40.365Z [INFO]: Comando /status carregado com sucesso
2026-02-27T23:23:40.483Z [INFO]: Comando /update-mod carregado com sucesso
2026-02-27T23:23:40.492Z [INFO]: Comando /wipe carregado com sucesso
2026-02-27T23:23:40.507Z [INFO]: API rodando na porta 80
2026-02-27T23:23:42.556Z [INFO]: Bot iniciado com sucesso
2026-02-27T23:23:42.689Z [INFO]: Bot conectado como Safety API#7835
2026-02-27T23:23:42.690Z [INFO]: Guilds: 4 | WS Ping: -1ms
2026-02-27T23:29:26.814Z [WARN]: Recebido SIGINT. Encerrando...
2026-02-27T23:29:32.647Z [INFO]: Conectado ao MongoDB com sucesso
2026-02-27T23:29:32.657Z [INFO]: Evento interactionCreate carregado com sucesso
2026-02-27T23:29:32.660Z [INFO]: Evento ready carregado com sucesso
2026-02-27T23:29:32.666Z [INFO]: Comando /ativos carregado com sucesso
2026-02-27T23:29:32.667Z [INFO]: Comando /censura carregado com sucesso
2026-02-27T23:29:32.671Z [INFO]: Comando /id carregado com sucesso
2026-02-27T23:29:32.675Z [INFO]: Comando /chave carregado com sucesso
2026-02-27T23:29:32.676Z [INFO]: Comando /manutencao carregado com sucesso
2026-02-27T23:29:32.677Z [INFO]: Comando /produto carregado com sucesso
2026-02-27T23:29:32.679Z [INFO]: Comando /status carregado com sucesso
2026-02-27T23:29:32.701Z [INFO]: Comando /update-mod carregado com sucesso
2026-02-27T23:29:32.702Z [INFO]: Comando /wipe carregado com sucesso
2026-02-27T23:29:32.715Z [INFO]: API rodando na porta 80
2026-02-27T23:29:33.693Z [INFO]: Bot iniciado com sucesso
2026-02-27T23:29:33.814Z [INFO]: Bot conectado como Safety API#7835
2026-02-27T23:29:33.815Z [INFO]: Guilds: 4 | WS Ping: -1ms
2026-02-27T23:36:24.221Z [WARN]: Recebido SIGINT. Encerrando...
2026-02-27T23:36:24.247Z [WARN]: Recebido SIGINT. Encerrando...
2026-02-27T23:36:31.414Z [INFO]: Conectado ao MongoDB com sucesso
2026-02-27T23:36:31.426Z [INFO]: Evento interactionCreate carregado com sucesso
2026-02-27T23:36:31.428Z [INFO]: Evento ready carregado com sucesso
2026-02-27T23:36:31.433Z [INFO]: Comando /ativos carregado com sucesso
2026-02-27T23:36:31.435Z [INFO]: Comando /censura carregado com sucesso
2026-02-27T23:36:31.439Z [INFO]: Comando /id carregado com sucesso
2026-02-27T23:36:31.443Z [INFO]: Comando /chave carregado com sucesso
2026-02-27T23:36:31.445Z [INFO]: Comando /manutencao carregado com sucesso
2026-02-27T23:36:31.447Z [INFO]: Comando /produto carregado com sucesso
2026-02-27T23:36:31.449Z [INFO]: Comando /status carregado com sucesso
2026-02-27T23:36:31.472Z [INFO]: Comando /update-mod carregado com sucesso
2026-02-27T23:36:31.474Z [INFO]: Comando /wipe carregado com sucesso
2026-02-27T23:36:31.488Z [INFO]: API rodando na porta 80
2026-02-27T23:36:34.104Z [INFO]: Bot iniciado com sucesso
2026-02-27T23:36:34.383Z [INFO]: Bot conectado como Safety API#7835
2026-02-27T23:36:34.383Z [INFO]: Guilds: 4 | WS Ping: -1ms
2026-02-27T23:37:31.781Z [WARN]: Recebido SIGINT. Encerrando...
2026-02-27T23:37:37.403Z [INFO]: Conectado ao MongoDB com sucesso
2026-02-27T23:37:37.411Z [INFO]: Evento interactionCreate carregado com sucesso
2026-02-27T23:37:37.413Z [INFO]: Evento clientReady carregado com sucesso
2026-02-27T23:37:37.417Z [INFO]: Comando /ativos carregado com sucesso
2026-02-27T23:37:37.418Z [INFO]: Comando /censura carregado com sucesso
2026-02-27T23:37:37.422Z [INFO]: Comando /id carregado com sucesso
2026-02-27T23:37:37.425Z [INFO]: Comando /chave carregado com sucesso
2026-02-27T23:37:37.427Z [INFO]: Comando /manutencao carregado com sucesso
2026-02-27T23:37:37.428Z [INFO]: Comando /produto carregado com sucesso
2026-02-27T23:37:37.430Z [INFO]: Comando /status carregado com sucesso
2026-02-27T23:37:37.444Z [INFO]: Comando /update-mod carregado com sucesso
2026-02-27T23:37:37.446Z [INFO]: Comando /wipe carregado com sucesso
2026-02-27T23:37:37.460Z [INFO]: API rodando na porta 80
2026-02-27T23:37:40.034Z [INFO]: Bot iniciado com sucesso
2026-02-27T23:37:40.194Z [INFO]: Bot conectado como Safety API#7835
2026-02-27T23:37:40.194Z [INFO]: Guilds: 4 | WS Ping: -1ms
2026-02-27T23:50:00.292Z [WARN]: Recebido SIGINT. Encerrando...
2026-02-27T23:50:05.835Z [INFO]: Conectado ao MongoDB com sucesso
2026-02-27T23:50:05.845Z [INFO]: Evento interactionCreate carregado com sucesso
2026-02-27T23:50:05.846Z [INFO]: Evento clientReady carregado com sucesso
2026-02-27T23:50:05.852Z [INFO]: Comando /ativos carregado com sucesso
2026-02-27T23:50:05.854Z [INFO]: Comando /censura carregado com sucesso
2026-02-27T23:50:05.857Z [INFO]: Comando /id carregado com sucesso
2026-02-27T23:50:05.861Z [INFO]: Comando /chave carregado com sucesso
2026-02-27T23:50:05.863Z [INFO]: Comando /manutencao carregado com sucesso
2026-02-27T23:50:05.864Z [INFO]: Comando /produto carregado com sucesso
2026-02-27T23:50:05.866Z [INFO]: Comando /status carregado com sucesso
2026-02-27T23:50:05.888Z [INFO]: Comando /update-mod carregado com sucesso
2026-02-27T23:50:05.890Z [INFO]: Comando /wipe carregado com sucesso
2026-02-27T23:50:05.904Z [INFO]: API rodando na porta 80
2026-02-27T23:50:08.076Z [INFO]: Bot iniciado com sucesso
2026-02-27T23:50:08.231Z [INFO]: Bot conectado como Safety API#7835
2026-02-27T23:50:08.231Z [INFO]: Guilds: 4 | WS Ping: -1ms
2026-02-28T00:12:45.555Z [ERROR]: Erro no autocomplete /produto: DiscordAPIError[40060]: Interaction has already been acknowledged.
    at handleErrors (C:\Users\nash\Downloads\SafetyAPI\node_modules\@discordjs\rest\dist\index.js:762:13)
    at process.processTicksAndRejections (node:internal/process/task_queues:103:5)
    at async BurstHandler.runRequest (C:\Users\nash\Downloads\SafetyAPI\node_modules\@discordjs\rest\dist\index.js:866:23)
    at async _REST.request (C:\Users\nash\Downloads\SafetyAPI\node_modules\@discordjs\rest\dist\index.js:1307:22)
    at async AutocompleteInteraction.respond (C:\Users\nash\Downloads\SafetyAPI\node_modules\discord.js\src\structures\AutocompleteInteraction.js:86:5)
    at async Object.autocomplete (C:\Users\nash\Downloads\SafetyAPI\commands\product.js:59:5)
    at async Object.execute (C:\Users\nash\Downloads\SafetyAPI\events\interactionCreate.js:52:9)
2026-02-28T00:12:48.283Z [ERROR]: Erro ao executar comando /produto: DiscordAPIError[40060]: Interaction has already been acknowledged.
    at handleErrors (C:\Users\nash\Downloads\SafetyAPI\node_modules\@discordjs\rest\dist\index.js:762:13)
    at process.processTicksAndRejections (node:internal/process/task_queues:103:5)
    at async BurstHandler.runRequest (C:\Users\nash\Downloads\SafetyAPI\node_modules\@discordjs\rest\dist\index.js:866:23)
    at async _REST.request (C:\Users\nash\Downloads\SafetyAPI\node_modules\@discordjs\rest\dist\index.js:1307:22)
    at async ChatInputCommandInteraction.deferReply (C:\Users\nash\Downloads\SafetyAPI\node_modules\discord.js\src\structures\interfaces\InteractionResponses.js:122:22)
    at async Object.execute (C:\Users\nash\Downloads\SafetyAPI\commands\product.js:63:5)
    at async Object.execute (C:\Users\nash\Downloads\SafetyAPI\events\interactionCreate.js:86:7)
2026-02-28T00:12:49.133Z [ERROR]: uncaughtException: DiscordAPIError[40060]: Interaction has already been acknowledged.
    at handleErrors (C:\Users\nash\Downloads\SafetyAPI\node_modules\@discordjs\rest\dist\index.js:762:13)
    at process.processTicksAndRejections (node:internal/process/task_queues:103:5)
    at async BurstHandler.runRequest (C:\Users\nash\Downloads\SafetyAPI\node_modules\@discordjs\rest\dist\index.js:866:23)
    at async _REST.request (C:\Users\nash\Downloads\SafetyAPI\node_modules\@discordjs\rest\dist\index.js:1307:22)
    at async ChatInputCommandInteraction.reply (C:\Users\nash\Downloads\SafetyAPI\node_modules\discord.js\src\structures\interfaces\InteractionResponses.js:193:22)
    at async Object.execute (C:\Users\nash\Downloads\SafetyAPI\events\interactionCreate.js:99:9)
2026-02-28T00:13:06.634Z [ERROR]: Erro no autocomplete /produto: DiscordAPIError[40060]: Interaction has already been acknowledged.
    at handleErrors (C:\Users\nash\Downloads\SafetyAPI\node_modules\@discordjs\rest\dist\index.js:762:13)
    at process.processTicksAndRejections (node:internal/process/task_queues:103:5)
    at async BurstHandler.runRequest (C:\Users\nash\Downloads\SafetyAPI\node_modules\@discordjs\rest\dist\index.js:866:23)
    at async _REST.request (C:\Users\nash\Downloads\SafetyAPI\node_modules\@discordjs\rest\dist\index.js:1307:22)
    at async AutocompleteInteraction.respond (C:\Users\nash\Downloads\SafetyAPI\node_modules\discord.js\src\structures\AutocompleteInteraction.js:86:5)
    at async Object.autocomplete (C:\Users\nash\Downloads\SafetyAPI\commands\product.js:59:5)
    at async Object.execute (C:\Users\nash\Downloads\SafetyAPI\events\interactionCreate.js:52:9)
2026-02-28T00:13:13.509Z [ERROR]: Erro ao executar comando /produto: DiscordAPIError[40060]: Interaction has already been acknowledged.
    at handleErrors (C:\Users\nash\Downloads\SafetyAPI\node_modules\@discordjs\rest\dist\index.js:762:13)
    at process.processTicksAndRejections (node:internal/process/task_queues:103:5)
    at async BurstHandler.runRequest (C:\Users\nash\Downloads\SafetyAPI\node_modules\@discordjs\rest\dist\index.js:866:23)
    at async _REST.request (C:\Users\nash\Downloads\SafetyAPI\node_modules\@discordjs\rest\dist\index.js:1307:22)
    at async ChatInputCommandInteraction.deferReply (C:\Users\nash\Downloads\SafetyAPI\node_modules\discord.js\src\structures\interfaces\InteractionResponses.js:122:22)
    at async Object.execute (C:\Users\nash\Downloads\SafetyAPI\commands\product.js:63:5)
    at async Object.execute (C:\Users\nash\Downloads\SafetyAPI\events\interactionCreate.js:86:7)
2026-02-28T00:13:14.340Z [ERROR]: uncaughtException: DiscordAPIError[40060]: Interaction has already been acknowledged.
    at handleErrors (C:\Users\nash\Downloads\SafetyAPI\node_modules\@discordjs\rest\dist\index.js:762:13)
    at process.processTicksAndRejections (node:internal/process/task_queues:103:5)
    at async BurstHandler.runRequest (C:\Users\nash\Downloads\SafetyAPI\node_modules\@discordjs\rest\dist\index.js:866:23)
    at async _REST.request (C:\Users\nash\Downloads\SafetyAPI\node_modules\@discordjs\rest\dist\index.js:1307:22)
    at async ChatInputCommandInteraction.reply (C:\Users\nash\Downloads\SafetyAPI\node_modules\discord.js\src\structures\interfaces\InteractionResponses.js:193:22)
    at async Object.execute (C:\Users\nash\Downloads\SafetyAPI\events\interactionCreate.js:99:9)
2026-02-28T00:16:16.020Z [ERROR]: Erro ao executar comando /wipe: DiscordAPIError[40060]: Interaction has already been acknowledged.
    at handleErrors (C:\Users\nash\Downloads\SafetyAPI\node_modules\@discordjs\rest\dist\index.js:762:13)
    at process.processTicksAndRejections (node:internal/process/task_queues:103:5)
    at async BurstHandler.runRequest (C:\Users\nash\Downloads\SafetyAPI\node_modules\@discordjs\rest\dist\index.js:866:23)
    at async _REST.request (C:\Users\nash\Downloads\SafetyAPI\node_modules\@discordjs\rest\dist\index.js:1307:22)
    at async ChatInputCommandInteraction.deferReply (C:\Users\nash\Downloads\SafetyAPI\node_modules\discord.js\src\structures\interfaces\InteractionResponses.js:122:22)
    at async Object.execute (C:\Users\nash\Downloads\SafetyAPI\commands\wipe.js:66:5)
    at async Object.execute (C:\Users\nash\Downloads\SafetyAPI\events\interactionCreate.js:86:7)
2026-02-28T00:16:16.241Z [ERROR]: uncaughtException: DiscordAPIError[40060]: Interaction has already been acknowledged.
    at handleErrors (C:\Users\nash\Downloads\SafetyAPI\node_modules\@discordjs\rest\dist\index.js:762:13)
    at process.processTicksAndRejections (node:internal/process/task_queues:103:5)
    at async BurstHandler.runRequest (C:\Users\nash\Downloads\SafetyAPI\node_modules\@discordjs\rest\dist\index.js:866:23)
    at async _REST.request (C:\Users\nash\Downloads\SafetyAPI\node_modules\@discordjs\rest\dist\index.js:1307:22)
    at async ChatInputCommandInteraction.reply (C:\Users\nash\Downloads\SafetyAPI\node_modules\discord.js\src\structures\interfaces\InteractionResponses.js:193:22)
    at async Object.execute (C:\Users\nash\Downloads\SafetyAPI\events\interactionCreate.js:99:9)
2026-02-28T00:16:21.427Z [ERROR]: Erro ao executar comando /wipe: DiscordAPIError[40060]: Interaction has already been acknowledged.
    at handleErrors (C:\Users\nash\Downloads\SafetyAPI\node_modules\@discordjs\rest\dist\index.js:762:13)
    at process.processTicksAndRejections (node:internal/process/task_queues:103:5)
    at async BurstHandler.runRequest (C:\Users\nash\Downloads\SafetyAPI\node_modules\@discordjs\rest\dist\index.js:866:23)
    at async _REST.request (C:\Users\nash\Downloads\SafetyAPI\node_modules\@discordjs\rest\dist\index.js:1307:22)
    at async ChatInputCommandInteraction.deferReply (C:\Users\nash\Downloads\SafetyAPI\node_modules\discord.js\src\structures\interfaces\InteractionResponses.js:122:22)
    at async Object.execute (C:\Users\nash\Downloads\SafetyAPI\commands\wipe.js:66:5)
    at async Object.execute (C:\Users\nash\Downloads\SafetyAPI\events\interactionCreate.js:86:7)
2026-02-28T00:16:21.667Z [ERROR]: uncaughtException: DiscordAPIError[40060]: Interaction has already been acknowledged.
    at handleErrors (C:\Users\nash\Downloads\SafetyAPI\node_modules\@discordjs\rest\dist\index.js:762:13)
    at process.processTicksAndRejections (node:internal/process/task_queues:103:5)
    at async BurstHandler.runRequest (C:\Users\nash\Downloads\SafetyAPI\node_modules\@discordjs\rest\dist\index.js:866:23)
    at async _REST.request (C:\Users\nash\Downloads\SafetyAPI\node_modules\@discordjs\rest\dist\index.js:1307:22)
    at async ChatInputCommandInteraction.reply (C:\Users\nash\Downloads\SafetyAPI\node_modules\discord.js\src\structures\interfaces\InteractionResponses.js:193:22)
    at async Object.execute (C:\Users\nash\Downloads\SafetyAPI\events\interactionCreate.js:99:9)
2026-02-28T01:11:12.179Z [WARN]: Recebido SIGINT. Encerrando...
